Frequency (GHz), Theta Pol: Theta=90.0 & Phi=180.0 (dBsm), Theta Pol: Theta=90.0 & Phi=180.0 (rad of rEfar/Einc - phase centered at ff origin), Phi Pol: Theta=90.0 & Phi=180.0 (dBsm), Phi Pol: Theta=90.0 & Phi=180.0 (rad of rEfar/Einc - phase centered at ff origin)
7.321602126772820407e-01,-5.199833706966725799e+01,-1.569682259138464930e+00,-2.032550136394574167e+02,-3.141486739297628894e+00
7.514275866951053429e-01,-5.154850645806317289e+01,-1.569787733824589138e+00,-2.030798729719994640e+02,3.067960270305175818e+00
7.706949607129285340e-01,-5.111014572533636624e+01,-1.569906373772698593e+00,-2.029093389487013894e+02,3.000607820395459591e+00
7.899623347307516141e-01,-5.068269131432411712e+01,-1.570038551995732057e+00,-2.027047930415159271e+02,2.936262671790046408e+00
8.092297087485748053e-01,-5.026562107617860420e+01,-1.570184602345551905e+00,-2.024453707818045700e+02,2.870077521469087678e+00
8.284970827663981074e-01,-4.985845005232604876e+01,-1.570344796434893553e+00,-2.021316277729187050e+02,2.797025000977607423e+00
8.477644567842212986e-01,-4.946072668077898982e+01,-1.570519345093253083e+00,-2.017816168045788174e+02,2.713197865900673911e+00
8.670318308020444897e-01,-4.907202946644375174e+01,-1.570708421079952899e+00,-2.014217588526219345e+02,2.616518071298521431e+00
8.862992048198676809e-01,-4.869196413499143716e+01,-1.570912195123385535e+00,-2.010775955826831307e+02,2.506718424928111144e+00
9.055665788376909831e-01,-4.832016125458740419e+01,-1.571130874990383397e+00,-2.007678313584192722e+02,2.384890408798337802e+00
9.248339528555141742e-01,-4.795627427080688676e+01,-1.571364737557936042e+00,-2.005020265712379341e+02,2.252955630587250013e+00
9.441013268733373653e-01,-4.759997786843374001e+01,-1.571614146466794537e+00,-2.002806916146294043e+02,2.113253559938888415e+00
9.633687008911605565e-01,-4.725096655768723508e+01,-1.571879552069747721e+00,-2.000964944254616853e+02,1.968274968740588271e+00
9.826360749089838587e-01,-4.690895338537656301e+01,-1.572161474942241899e+00,-1.999358576371882066e+02,1.820491894538896815e+00
1.001903448926807050e+00,-4.657366869220791727e+01,-1.572460478084571012e+00,-1.997807283314756148e+02,1.672221953712333953e+00
1.021170822944630352e+00,-4.624485887037830878e+01,-1.572777135249268543e+00,-1.996105759815997089e+02,1.525484702630684808e+00
1.040438196962453432e+00,-4.592228511250463896e+01,-1.573112003147850713e+00,-1.994047298778300785e+02,1.381842747163107621e+00
1.059705570980276734e+00,-4.560572217524357086e+01,-1.573465603707049798e+00,-1.991450420896741775e+02,1.242259764024206348e+00
1.078972944998099814e+00,-4.529495720169950346e+01,-1.573838419586588433e+00,-1.988185951621299807e+02,1.107035416011570295e+00
1.098240319015923117e+00,-4.498978865217277701e+01,-1.574230902660714859e+00,-1.984198772540929951e+02,9.758719054329857423e-01
1.117507693033746197e+00,-4.469002538314438766e+01,-1.574643492000681988e+00,-1.979517380738189161e+02,8.480796908477462592e-01
1.136775067051569499e+00,-4.439548589341640650e+01,-1.575076635823800864e+00,-1.974247071199487493e+02,7.228638633347390652e-01
1.156042441069392579e+00,-4.410599773026928005e+01,-1.575530811326543601e+00,-1.968548336802894028e+02,5.995938640963442978e-01
1.175309815087215881e+00,-4.382139702437835638e+01,-1.576006537321547274e+00,-1.962607414352049489e+02,4.779755418526147048e-01
1.194577189105039183e+00,-4.354152810609055280e+01,-1.576504376795447859e+00,-1.956607440755405491e+02,3.580986412662051643e-01
1.213844563122862263e+00,-4.326624315114261776e+01,-1.577024929269030151e+00,-1.950706254845361798e+02,2.403830990897381781e-01
1.233111937140685566e+00,-4.299540181150906903e+01,-1.577568815446326100e+00,-1.945022980702773054e+02,1.254681904548935745e-01
1.252379311158508868e+00,-4.272887080424037265e+01,-1.578136658444067475e+00,-1.939632607395782600e+02,1.408268097011613346e-02
1.271646685176331948e+00,-4.246652345308785925e+01,-1.578729066496305844e+00,-1.934566659483854778e+02,-9.308158820367522235e-02
1.290914059194155250e+00,-4.220823919870376528e+01,-1.579346621355016689e+00,-1.929818244062674069e+02,-1.954825172552019097e-01
1.310181433211978330e+00,-4.195390310810826406e+01,-1.579989874905007419e+00,-1.925350399074916083e+02,-2.928209564348802085e-01
1.329448807229801632e+00,-4.170340541962279701e+01,-1.580659354272867745e+00,-1.921107079799972155e+02,-3.851060151117220998e-01
1.348716181247624935e+00,-4.145664115481255863e+01,-1.581355573533651082e+00,-1.917025977652938309e+02,-4.726802300414149616e-01
1.367983555265448015e+00,-4.121350981600512853e+01,-1.582079048553696188e+00,-1.913051712168850145e+02,-5.561923747006308760e-01
1.387250929283271317e+00,-4.097391517048785659e+01,-1.582830310916177652e+00,-1.909147189127722584e+02,-6.365137277164745200e-01
1.406518303301094619e+00,-4.073776510528587380e+01,-1.583609917353002272e+00,-1.905300707322604410e+02,-7.146090110565144204e-01
1.425785677318917699e+00,-4.050497152390556721e+01,-1.584418452471314076e+00,-1.901527171439730637e+02,-7.913893024233052964e-01
1.445053051336741001e+00,-4.027545025157387215e+01,-1.585256524417254509e+00,-1.897863374313565998e+02,-8.675818131238213216e-01
1.464320425354564081e+00,-4.004912091917780970e+01,-1.586124754962405126e+00,-1.894358995078310102e+02,-9.436455821112211817e-01
1.483587799372387384e+00,-3.982590680694165997e+01,-1.587023766857171614e+00,-1.891065903843893068e+02,-1.019746277808274648e+00
1.502855173390210686e+00,-3.960573464373939601e+01,-1.587954171846538642e+00,-1.888028275790486248e+02,-1.095786180951783928e+00
1.522122547408033766e+00,-3.938853437281473191e+01,-1.588916562387059139e+00,-1.885275225308363076e+02,-1.171474355711788151e+00
1.541389921425857068e+00,-3.917423890575811640e+01,-1.589911508978104404e+00,-1.882816740199894809e+02,-1.246418777250030363e+00
1.560657295443680148e+00,-3.896278389121461316e+01,-1.590939563454824457e+00,-1.880643014279717420e+02,-1.320224018321320747e+00
1.579924669461503228e+00,-3.875410752211408294e+01,-1.592001267011995624e+00,-1.878726909083121939e+02,-1.392581186265021476e+00
1.599192043479326530e+00,-3.854815039628851991e+01,-1.593097160546617097e+00,-1.877029068496685795e+02,-1.463338912232367228e+00
1.618459417497149611e+00,-3.834485543280564457e+01,-1.594227794410472354e+00,-1.875504974073955395e+02,-1.532545438158092299e+00
1.637726791514972913e+00,-3.814416783364177377e+01,-1.595393734948689302e+00,-1.874112884030735700e+02,-1.600453991071204563e+00
1.656994165532796215e+00,-3.794603507076975291e+01,-1.596595566156325807e+00,-1.872821244269357805e+02,-1.667488594441024707e+00
1.676261539550619295e+00,-3.775040687470202272e+01,-1.597833886132379311e+00,-1.871614032145834301e+02,-1.734175570700684510e+00
1.695528913568442597e+00,-3.755723520282025163e+01,-1.599109299380316873e+00,-1.870492812391720179e+02,-1.801054998595651435e+00
1.714796287586265899e+00,-3.736647417357082190e+01,-1.600422407037559669e+00,-1.869475060329266398e+02,-1.868592340626016535e+00
1.734063661604088979e+00,-3.717807996355176670e+01,-1.601773797558020407e+00,-1.868589274387776129e+02,-1.937110204020475290e+00
1.753331035621912282e+00,-3.699201067566843903e+01,-1.603164040131811241e+00,-1.867868162408559840e+02,-2.006753738383787677e+00
1.772598409639735362e+00,-3.680822619496640868e+01,-1.604593682296701962e+00,-1.867341474687572429e+02,-2.077493649113472785e+00
1.791865783657558664e+00,-3.662668805237166225e+01,-1.606063252019227727e+00,-1.867029873654412597e+02,-2.149162226043676682e+00
1.811133157675381966e+00,-3.644735931463642942e+01,-1.607573263322984225e+00,-1.866940784359612451e+02,-2.221512553084899366e+00
1.830400531693205046e+00,-3.627020451204221274e+01,-1.609124223634035733e+00,-1.867066695106581165e+02,-2.294289198032675170e+00
1.849667905711028348e+00,-3.609518960582752811e+01,-1.610716640625509566e+00,-1.867385994741669890e+02,-2.367298780327283136e+00
1.868935279728851651e+00,-3.592228198752597734e+01,-1.612351026556755995e+00,-1.867866131467465891e+02,-2.440469538732400245e+00
1.888202653746674731e+00,-3.575145049501217898e+01,-1.614027898837091746e+00,-1.868468584367842595e+02,-2.513890043829022591e+00
1.907470027764498033e+00,-3.558266542691860934e+01,-1.615747776586059725e+00,-1.869154812635952112e+02,-2.587819251377805774e+00
1.926737401782321113e+00,-3.541589853887379036e+01,-1.617511174024497844e+00,-1.869892046335787086e+02,-2.662664204044760119e+00
1.946004775800144415e+00,-3.525112301106628365e+01,-1.619318592331982609e+00,-1.870657656537540845e+02,-2.738928055392068739e+00
1.965272149817967717e+00,-3.508831338520336374e+01,-1.621170511944298731e+00,-1.871441044726530265e+02,-2.817138276261368812e+00
1.984539523835790797e+00,-3.492744547764965546e+01,-1.623067387067031353e+00,-1.872242549099801181e+02,-2.897770187219529170e+00
2.003806897853614100e+00,-3.476849628209032517e+01,-1.625009643520060942e+00,-1.873069616503929069e+02,-2.981181888912438627e+00
2.023074271871437180e+00,-3.461144387780473153e+01,-1.626997680094564913e+00,-1.873931154376749078e+02,-3.067572741953792814e+00
2.042341645889260704e+00,-3.445626735797151241e+01,-1.629031872656309554e+00,-1.874831328359024667e+02,3.126214682804818956e+00
2.061609019907083784e+00,-3.430294678695240407e+01,-1.631112579518635863e+00,-1.875764054848956732e+02,3.033939126434801903e+00
2.080876393924906864e+00,-3.415146318780692525e+01,-1.633240146316155439e+00,-1.876709166019569466e+02,2.939037936359174541e+00
2.100143767942730388e+00,-3.400179855349711033e+01,-1.635414908799206923e+00,-1.877630863769161635e+02,2.841839905650338505e+00
2.119411141960553469e+00,-3.385393586942686284e+01,-1.637637192573193623e+00,-1.878478737749602203e+02,2.742702425301158264e+00
2.138678515978376549e+00,-3.370785913260952782e+01,-1.639907309651408074e+00,-1.879191314895522282e+02,2.641969530743508265e+00
2.157945889996199629e+00,-3.356355335438138354e+01,-1.642225552542148526e+00,-1.879701788745289832e+02,2.539943345179553003e+00
2.177213264014022709e+00,-3.342100453861989706e+01,-1.644592187223512969e+00,-1.879945214098147233e+02,2.436874156519698520e+00
2.196480638031846233e+00,-3.328019963442970663e+01,-1.647007446610642134e+00,-1.879866088349958488e+02,2.332971126575023035e+00
2.215748012049669313e+00,-3.314112646929747541e+01,-1.649471525935410687e+00,-1.879425003461366828e+02,2.228431019845123373e+00
2.235015386067492393e+00,-3.300377367391148198e+01,-1.651984580900626609e+00,-1.878603097248773395e+02,2.123477325588560838e+00
2.254282760085315918e+00,-3.286813061186234108e+01,-1.654546728700237335e+00,-1.877403435232294271e+02,2.018398622375463525e+00
2.273550134103138998e+00,-3.273418732584656254e+01,-1.657158051226285567e+00,-1.875849130490286996e+02,1.913574767171278612e+00
2.292817508120962078e+00,-3.260193450732059262e+01,-1.659818599218495505e+00,-1.873978735505522479e+02,1.809482864883433795e+00
2.312084882138785158e+00,-3.247136349014252232e+01,-1.662528395898388967e+00,-1.871839973479385151e+02,1.706680590084542315e+00
2.331352256156608682e+00,-3.234246626235892563e+01,-1.665287438813743748e+00,-1.869483081879114934e+02,1.605769985242885056e+00
2.350619630174431762e+00,-3.221523548565414785e+01,-1.668095699140238919e+00,-1.866954934644122091e+02,1.507348557213302076e+00
2.369887004192254842e+00,-3.208966451027167466e+01,-1.670953118396105275e+00,-1.864294805723583295e+02,1.411955886650434033e+00
2.389154378210078367e+00,-3.196574737481884299e+01,-1.673859603227227044e+00,-1.861532257880560337e+02,1.320023725744773557e+00
2.408421752227901447e+00,-3.184347878475443494e+01,-1.676815019426549203e+00,-1.858687260373331185e+02,1.231836636658446782e+00
2.427689126245724527e+00,-3.172285406928230245e+01,-1.679819186532476083e+00,-1.855772280063217465e+02,1.147509089929373394e+00
2.446956500263548051e+00,-3.160386912220054612e+01,-1.682871874166569359e+00,-1.852795761625617672e+02,1.066983380735753384e+00
2.466223874281371131e+00,-3.148652033642661863e+01,-1.685972800780700886e+00,-1.849766149155865662e+02,9.900501699220938256e-01
2.485491248299194211e+00,-3.137080454335770341e+01,-1.689121634827653873e+00,-1.846695476756703442e+02,9.163896688396847567e-01
2.504758622317017736e+00,-3.125671896661958371e+01,-1.692317997727714518e+00,-1.843601647770251191e+02,8.456270637190310691e-01
2.524025996334840816e+00,-3.114426119561867168e+01,-1.695561467549044021e+00,-1.840508852684127703e+02,7.773921417831729519e-01
2.543293370352663896e+00,-3.103342917881856877e+01,-1.698851582169063734e+00,-1.837446066303263592e+02,7.113717816656092152e-01
2.562560744370487420e+00,-3.092422123132837086e+01,-1.702187840870501567e+00,-1.834444057551626202e+02,6.473457112620715215e-01
2.581828118388310500e+00,-3.081663604764675668e+01,-1.705569703790470015e+00,-1.831531680875574750e+02,5.852001096965757654e-01
2.601095492406133580e+00,-3.071067270922267411e+01,-1.708996589252060661e+00,-1.828732316291664404e+02,5.249187022555861226e-01
2.620362866423956660e+00,-3.060633067812685582e+01,-1.712467869597206205e+00,-1.826061207979709877e+02,4.665554127909153359e-01
2.639630240441780185e+00,-3.050360977207222035e+01,-1.715982866548892982e+00,-1.823524203704805586e+02,4.101955325120658635e-01
2.658897614459603265e+00,-3.040251012115660600e+01,-1.719540847254101612e+00,-1.821118104542162541e+02,3.559136541775964058e-01
2.678164988477426345e+00,-3.030303211161963972e+01,-1.723141021969711417e+00,-1.818832545669283718e+02,3.037366080648863376e-01
2.697432362495249869e+00,-3.020517632528416740e+01,-1.726782543910215573e+00,-1.816653062291399863e+02,2.536185529737129962e-01
2.716699736513072949e+00,-3.010894348431972745e+01,-1.730464511203907430e+00,-1.814564766054215568e+02,2.054332212218951681e-01
2.735967110530896029e+00,-3.001433440931375074e+01,-1.734185970360408779e+00,-1.812555905428085907e+02,1.589850604902398046e-01
2.755234484548719553e+00,-2.992134999487280922e+01,-1.737945920283094026e+00,-1.810620567034969781e+02,1.140369754873130775e-01
2.774501858566542634e+00,-2.982999120216438271e+01,-1.741743315760825972e+00,-1.808759937493506129e+02,7.034843018621500521e-02
2.793769232584365714e+00,-2.974025906327232249e+01,-1.745577069565218409e+00,-1.806981873232219016e+02,2.771505434847188962e-02
2.813036606602189238e+00,-2.965215468919695851e+01,-1.749446052704172638e+00,-1.805298932428346461e+02,-1.399942011301818535e-02
2.832303980620012318e+00,-2.956567927257428252e+01,-1.753349092919916918e+00,-1.803725382406223616e+02,-5.484594180960862542e-02
2.851571354637835398e+00,-2.948083407787363441e+01,-1.757284972022485459e+00,-1.802273902563446484e+02,-9.479090415217054921e-02
2.870838728655658922e+00,-2.939762041545535354e+01,-1.761252422982254817e+00,-1.800952719620311200e+02,-1.337339631444002808e-01
2.890106102673482003e+00,-2.931603960040853352e+01,-1.765250127781261336e+00,-1.799763769106499183e+02,-1.715384763276307512e-01
2.909373476691305083e+00,-2.923609290130007921e+01,-1.769276716827127727e+00,-1.798702237139865190e+02,-2.080678718949862394e-01
2.928640850709128163e+00,-2.915778148671671133e+01,-1.773330770323852112e+00,-1.797757556342662895e+02,-2.432203386733448880e-01
2.947908224726951687e+00,-2.908110637805765109e+01,-1.777410821485448267e+00,-1.796915646004636358e+02,-2.769545817056991432e-01
2.967175598744774767e+00,-2.900606841532374958e+01,-1.781515361010768794e+00,-1.796161928825298162e+02,-3.093010013761984256e-01
2.986442972762597847e+00,-2.893266823915731933e+01,-1.785642841936515346e+00,-1.795484466506948706e+02,-3.403555117966762245e-01
3.005710346780421371e+00,-2.886090628809545322e+01,-1.789791683928649846e+00,-1.794876491153974598e+02,-3.702570294024035147e-01
3.024977720798244452e+00,-2.879078280608524310e+01,-1.793960276270784693e+00,-1.794337716816527006e+02,-3.991536538148111601e-01
3.044245094816067532e+00,-2.872229785282521775e+01,-1.798146979202998486e+00,-1.793874096043498128e+02,-4.271655647196898054e-01
3.063512468833891056e+00,-2.865545130908951066e+01,-1.802350123745156685e+00,-1.793496071784031756e+02,-4.543536135011042587e-01
3.082779842851714136e+00,-2.859024287093274452e+01,-1.806568010573237348e+00,-1.793215748917653229e+02,-4.807011199572071014e-01
3.102047216869536772e+00,-2.852667203005190899e+01,-1.810798908788393113e+00,-1.793043660833753279e+02,-5.061130140217948714e-01
3.121314590887360296e+00,-2.846473804165255572e+01,-1.815041055455686392e+00,-1.792985877860038215e+02,-5.304322984530379648e-01
3.140581964905183376e+00,-2.840443988481265691e+01,-1.819292656586610768e+00,-1.793042104601344420e+02,-5.534699657049824140e-01
3.159849338923006457e+00,-2.834577622257715390e+01,-1.823551889855612451e+00,-1.793205190108083116e+02,-5.750416920924844577e-01
3.179116712940829537e+00,-2.828874536926483430e+01,-1.827816908883029168e+00,-1.793462179666865381e+02,-5.950031509619552184e-01
3.198384086958653061e+00,-2.823334527069226496e+01,-1.832085848510483395e+00,-1.793796710205157865e+02,-6.132757660734416971e-01
3.217651460976476141e+00,-2.817957349973184122e+01,-1.836356830249090244e+00,-1.794192234093742400e+02,-6.298563257229328194e-01
3.236918834994299221e+00,-2.812742726573869234e+01,-1.840627967059850212e+00,-1.794635310823044279e+02,-6.448071784630325931e-01
3.256186209012122745e+00,-2.807690343296641444e+01,-1.844897366831236951e+00,-1.795118115598092174e+02,-6.582283828260269143e-01
3.275453583029945825e+00,-2.802799854106241284e+01,-1.849163134291735178e+00,-1.795639446687206942e+02,-6.702181328801770643e-01
3.294720957047768906e+00,-2.798070882061876929e+01,-1.853423371531059516e+00,-1.796203870590648819e+02,-6.808314574410125886e-01
3.313988331065592430e+00,-2.793503019855269898e+01,-1.857676177683540431e+00,-1.796819133551890104e+02,-6.900481999831538094e-01
3.333255705083415510e+00,-2.789095829128394755e+01,-1.861919648548401529e+00,-1.797492435780955304e+02,-6.977591782976516610e-01
3.352523079101238590e+00,-2.784848838737414312e+01,-1.866151876926694708e+00,-1.798226469460648502e+02,-7.037749200486940193e-01
3.371790453119062114e+00,-2.780761542448229662e+01,-1.870370954245301753e+00,-1.799016194643213282e+02,-7.078558838156076005e-01
3.391057827136885194e+00,-2.776833396731036530e+01,-1.874574973674780543e+00,-1.799847177991487968e+02,-7.097579505208667650e-01
3.410325201154708274e+00,-2.773063819318764089e+01,-1.878762034530969904e+00,-1.800695994698972981e+02,-7.092830867749060353e-01
3.429592575172531799e+00,-2.769452189010449317e+01,-1.882930247394277501e+00,-1.801532740197669682e+02,-7.063230198133625404e-01
3.448859949190354879e+00,-2.765997846887844602e+01,-1.887077739181423075e+00,-1.802325166583545979e+02,-7.008841784369306271e-01
3.468127323208177959e+00,-2.762700098758613265e+01,-1.891202657414100319e+00,-1.803043446459956840e+02,-6.930857641509595712e-01
3.487394697226001483e+00,-2.759558218339313029e+01,-1.895303173142130149e+00,-1.803664242777726940e+02,-6.831297278698892361e-01
3.506662071243824563e+00,-2.756571450526677935e+01,-1.899377482334570155e+00,-1.804172817194080949e+02,-6.712502313571200308e-01
3.525929445261647643e+00,-2.753739014119512873e+01,-1.903423805952309422e+00,-1.804562428500499607e+02,-6.576578120501124225e-01
3.545196819279470724e+00,-2.751060103539480295e+01,-1.907440389250643298e+00,-1.804831133436455843e+02,-6.424965204686273745e-01
3.564464193297294248e+00,-2.748533889404340513e+01,-1.911425501039971664e+00,-1.804976993450485168e+02,-6.258289921660699084e-01
3.583731567315117328e+00,-2.746159518147149825e+01,-1.915377433610353508e+00,-1.804993273298466363e+02,-6.076557570430983768e-01
3.602998941332940408e+00,-2.743936111156487456e+01,-1.919294503809900743e+00,-1.804865292511659050e+02,-5.879641445512139297e-01
3.622266315350763932e+00,-2.741862764060078561e+01,-1.923175055419171331e+00,-1.804570151079915377e+02,-5.667923450408787200e-01
3.641533689368587012e+00,-2.739938546748540560e+01,-1.927017462580146834e+00,-1.804079717806667418e+02,-5.442882294230652063e-01
3.660801063386410092e+00,-2.738162504546679443e+01,-1.930820133724107768e+00,-1.803366237358983426e+02,-5.207423107574029597e-01
3.680068437404233617e+00,-2.736533660639878818e+01,-1.934581515282528308e+00,-1.802408956405174081e+02,-4.965808124667352996e-01
3.699335811422056697e+00,-2.735051019535869798e+01,-1.938300094501016702e+00,-1.801199651434276063e+02,-4.723174025810407684e-01
3.718603185439879777e+00,-2.733713571076713933e+01,-1.941974400896444575e+00,-1.799745174840538198e+02,-4.484768998879098412e-01
3.737870559457703301e+00,-2.732520294383876447e+01,-1.945603006239837285e+00,-1.798066144105098942e+02,-4.255148846977562238e-01
3.757137933475526381e+00,-2.731470161155217724e+01,-1.949184523317948781e+00,-1.796192283161163061e+02,-4.037583819952188513e-01
3.776405307493349461e+00,-2.730562137925054955e+01,-1.952717604023606945e+00,-1.794156054956503965e+02,-3.833840819891725649e-01
3.795672681511172986e+00,-2.729795187193013462e+01,-1.956200937468939305e+00,-1.791986632509128015e+02,-3.644365420191550964e-01
3.814940055528996066e+00,-2.729168267643087731e+01,-1.959633248768889224e+00,-1.789705892546471375e+02,-3.468759184789018679e-01
3.834207429546819146e+00,-2.728680333924812018e+01,-1.963013298919884742e+00,-1.787327273499989531e+02,-3.306374039390087560e-01
3.853474803564642226e+00,-2.728330336586341431e+01,-1.966339885862544268e+00,-1.784857396140427568e+02,-3.156837042127180748e-01
3.872742177582465750e+00,-2.728117222703659550e+01,-1.969611846460729288e+00,-1.782299579582453646e+02,-3.020363187593573806e-01
3.892009551600288830e+00,-2.728039937555235994e+01,-1.972828058849441568e+00,-1.779657950830405468e+02,-2.897790555202334750e-01
3.911276925618111910e+00,-2.728097427401743502e+01,-1.975987444476717592e+00,-1.776940809724627854e+02,-2.790359218380544237e-01
3.930544299635935435e+00,-2.728288643125899071e+01,-1.979088969223008698e+00,-1.774162261815915826e+02,-2.699329389480576435e-01
3.949811673653758515e+00,-2.728612544251202010e+01,-1.982131643208191907e+00,-1.771341752556217841e+02,-2.625573711960156320e-01
3.969079047671581595e+00,-2.729068102754265013e+01,-1.985114519227969776e+00,-1.768501812521607803e+02,-2.569272452872614632e-01
3.988346421689405119e+00,-2.729654306140749398e+01,-1.988036690106875781e+00,-1.765664823487628610e+02,-2.529794895039616520e-01
4.007613795707228199e+00,-2.730370159453355328e+01,-1.990897285520083937e+00,-1.762849798275987325e+02,-2.505786117927454870e-01
4.026881169725051279e+00,-2.731214686166564221e+01,-1.993695468949303606e+00,-1.760070035133011004e+02,-2.495419309396988139e-01
4.046148543742874359e+00,-2.732186928218328248e+01,-1.996430435369626055e+00,-1.757332168507642791e+02,-2.496735722471928043e-01
4.065415917760697440e+00,-2.733285945653048898e+01,-1.999101410034436643e+00,-1.754636728969748276e+02,-2.507982083304443610e-01
4.084683291778521408e+00,-2.734510816442508130e+01,-2.001707648398311168e+00,-1.751979952303018990e+02,-2.527865469897563333e-01
4.103950665796344488e+00,-2.735860636987938577e+01,-2.004248436883124374e+00,-1.749356306574799191e+02,-2.555672255238206625e-01
4.123218039814167568e+00,-2.737334523605536774e+01,-2.006723093941721103e+00,-1.746761074360117902e+02,-2.591233927307181606e-01
4.142485413831990648e+00,-2.738931615015446042e+01,-2.009130970774156033e+00,-1.744192355975017392e+02,-2.634760928586845630e-01
4.161752787849813728e+00,-2.740651075567993544e+01,-2.011471451129757337e+00,-1.741652043196896216e+02,-2.686597355444388935e-01
4.181020161867636808e+00,-2.742492098729069383e+01,-2.013743949861461324e+00,-1.739145605970001043e+02,-2.746966109465092121e-01
4.200287535885460777e+00,-2.744453910266151908e+01,-2.015947910222402051e+00,-1.736680853733227821e+02,-2.815771348215743153e-01
4.219554909903283857e+00,-2.746535770648847219e+01,-2.018082800219738182e+00,-1.734266084749745858e+02,-2.892504571727743112e-01
4.238822283921106937e+00,-2.748736976382231134e+01,-2.020148108578590396e+00,-1.731908155073918181e+02,-2.976269861076789591e-01
4.258089657938930017e+00,-2.751056860271245696e+01,-2.022143340955293134e+00,-1.729610967812523654e+02,-3.065912410684688005e-01
4.277357031956753097e+00,-2.753494790893251221e+01,-2.024068016951334315e+00,-1.727374733476889048e+02,-3.160210684806253889e-01
4.296624405974576177e+00,-2.756050171757543055e+01,-2.025921668242240958e+00,-1.725196137368065763e+02,-3.258080656996233948e-01
4.315891779992399258e+00,-2.758722440700706002e+01,-2.027703837814679666e+00,-1.723069325237706835e+02,-3.358741462591712246e-01
4.335159154010222338e+00,-2.761511069986832823e+01,-2.029414079988137942e+00,-1.720987429747316639e+02,-3.461803858083094543e-01
4.354426528028045418e+00,-2.764415567374319593e+01,-2.031051960670960721e+00,-1.718944242941516052e+02,-3.567263101888633603e-01
4.373693902045868498e+00,-2.767435478133561944e+01,-2.032617057225570179e+00,-1.716935618321332129e+02,-3.675401882334743964e-01
4.392961276063692466e+00,-2.770570387728200146e+01,-2.034108957413947039e+00,-1.714960267122145581e+02,-3.786631169158195531e-01
4.412228650081515546e+00,-2.773819924680816129e+01,-2.035527257134821077e+00,-1.713019778746691486e+02,-3.901311612118023575e-01
4.431496024099338626e+00,-2.777183763084029167e+01,-2.036871556982243980e+00,-1.711117900644170504e+02,-4.019601291223502404e-01
4.450763398117161707e+00,-2.780661624305529855e+01,-2.038141457964159464e+00,-1.709259300164788442e+02,-4.141366592683571879e-01
4.470030772134984787e+00,-2.784253277646362434e+01,-2.039336556934948863e+00,-1.707448149059788989e+02,-4.266174892085106696e-01
4.489298146152807867e+00,-2.787958539987682727e+01,-2.040456442359366740e+00,-1.705686894203747102e+02,-4.393366175693335096e-01
4.508565520170631835e+00,-2.791777274726912239e+01,-2.041500690919889394e+00,-1.703975509657016687e+02,-4.522181574073586563e-01
4.527832894188454915e+00,-2.795709390487280288e+01,-2.042468865234626563e+00,-1.702311391718081666e+02,-4.651914332535042051e-01
4.547100268206277995e+00,-2.799754840135564038e+01,-2.043360512635552961e+00,-1.700689896509697121e+02,-4.782045106127941203e-01
4.566367642224101075e+00,-2.803913620547939090e+01,-2.044175164653700527e+00,-1.699105365649931230e+02,-4.912328752851791158e-01
4.585635016241924156e+00,-2.808185773349582703e+01,-2.044912336651414364e+00,-1.697552372068383022e+02,-5.042812531415998833e-01
4.604902390259747236e+00,-2.812571386578605015e+01,-2.045571526987884248e+00,-1.696026870018890804e+02,-5.173782941336170227e-01
4.624169764277570316e+00,-2.817070596964203943e+01,-2.046152215216992865e+00,-1.694526963528674912e+02,-5.305656355190491169e-01
4.643437138295394284e+00,-2.821683592333545576e+01,-2.046653859064977432e+00,-1.693053110330259017e+02,-5.438842548966472679e-01
4.662704512313217364e+00,-2.826410613619347245e+01,-2.047075890251272234e+00,-1.691607727483165604e+02,-5.573616437979859173e-01
4.681971886331040444e+00,-2.831251956041815632e+01,-2.047417709513058792e+00,-1.690194319286686380e+02,-5.710030101938208258e-01
4.701239260348863525e+00,-2.836207969256445338e+01,-2.047678681391324584e+00,-1.688816365148121008e+02,-5.847885698158270529e-01
4.720506634366686605e+00,-2.841279056533709380e+01,-2.047858129380057512e+00,-1.687476255358034507e+02,-5.986773652306075499e-01
4.739774008384509685e+00,-2.846465673292933829e+01,-2.047955331918592137e+00,-1.686174538117966222e+02,-6.126164113438747894e-01
4.759041382402333653e+00,-2.851768325480904664e+01,-2.047969519453336495e+00,-1.684909653818266406e+02,-6.265527103606696180e-01
4.778308756420156733e+00,-2.857187568320052051e+01,-2.047899872478119221e+00,-1.683678207645090197e+02,-6.404450704194423194e-01
4.797576130437979813e+00,-2.862724005842182962e+01,-2.047745520168528621e+00,-1.682475699279288790e+02,-6.542727976005532353e-01
4.816843504455802893e+00,-2.868378291401213076e+01,-2.047505539034613964e+00,-1.681297518267318480e+02,-6.680391567243930684e-01
4.836110878473625974e+00,-2.874151129082657619e+01,-2.047178950980153012e+00,-1.680139950557054078e+02,-6.817688227157554515e-01
4.855378252491449054e+00,-2.880043275673746095e+01,-2.046764720284979244e+00,-1.679000941685459338e+02,-6.955000639433555065e-01
4.874645626509272134e+00,-2.886055542694913001e+01,-2.046261749284745246e+00,-1.677880426964566425e+02,-7.092737328337010982e-01
4.893913000527096102e+00,-2.892188797965398450e+01,-2.045668872839605967e+00,-1.676780153058124085e+02,-7.231219293889958877e-01
4.913180374544919182e+00,-2.898443966290426133e+01,-2.044984851973353557e+00,-1.675703047887697892e+02,-7.370592306603794830e-01
4.932447748562742262e+00,-2.904822029083686985e+01,-2.044208367248343983e+00,-1.674652310289499439e+02,-7.510786467746060069e-01
4.951715122580565343e+00,-2.911324023015179918e+01,-2.043338012468806753e+00,-1.673630456993740552e+02,-7.651531967777203125e-01
4.970982496598388423e+00,-2.917951038025502797e+01,-2.042372289167912580e+00,-1.672638567601086663e+02,-7.792425557836287764e-01
4.990249870616211503e+00,-2.924704215204997482e+01,-2.041309602069071083e+00,-1.671675911526290861e+02,-7.933029813299450339e-01
5.009517244634035471e+00,-2.931584745056490604e+01,-2.040148255390867860e+00,-1.670740041710112394e+02,-8.072979667873685372e-01
5.028784618651858551e+00,-2.938593866537524590e+01,-2.038886449574722981e+00,-1.669827323297340342e+02,-8.212069442078644421e-01
5.048051992669681631e+00,-2.945732867044778303e+01,-2.037522277833586859e+00,-1.668933758465354629e+02,-8.350298786143277585e-01
5.067319366687504711e+00,-2.953003083222401060e+01,-2.036053721898027025e+00,-1.668055895848974899e+02,-8.487866384948460352e-01
5.086586740705327792e+00,-2.960405902223154229e+01,-2.034478646479219499e+00,-1.667191592640238866e+02,-8.625113522709967340e-01
5.105854114723150872e+00,-2.967942762895081543e+01,-2.032794792238117321e+00,-1.666340436115654029e+02,-8.762432418111846255e-01
5.125121488740974840e+00,-2.975615156349188695e+01,-2.030999767373466103e+00,-1.665503720516874466e+02,-8.900163228541070337e-01
5.144388862758797920e+00,-2.983424625490426152e+01,-2.029091038230435906e+00,-1.664683991517904929e+02,-9.038506286612024709e-01
5.163656236776621000e+00,-2.991372763330676676e+01,-2.027065919507526459e+00,-1.663884282043813130e+02,-9.177471757882399439e-01
5.182923610794444080e+00,-2.999461210184493254e+01,-2.024921564653339168e+00,-1.663107239795603789e+02,-9.316878840603922685e-01
5.202190984812267160e+00,-3.007691650098955094e+01,-2.022654956891844602e+00,-1.662354369606547095e+02,-9.456403759519120822e-01
5.221458358830090241e+00,-3.016065807019321809e+01,-2.020262901035029923e+00,-1.661625579653313309e+02,-9.595663562772266397e-01
5.240725732847913321e+00,-3.024585441199998925e+01,-2.017742015910171993e+00,-1.660919140935871496e+02,-9.734314077144347044e-01
5.259993106865737289e+00,-3.033252346231532570e+01,-2.015088726934726182e+00,-1.660232065137041388e+02,-9.872137196443506735e-01
5.279260480883560369e+00,-3.042068346804842705e+01,-2.012299258194871765e+00,-1.659560801804689447e+02,-1.000909556478067897e+00
5.298527854901383449e+00,-3.051035297039103611e+01,-2.009369623372775138e+00,-1.658902076088782565e+02,-1.014534097580285454e+00
5.317795228919206529e+00,-3.060155078938388939e+01,-2.006295615026726598e+00,-1.658253652630887416e+02,-1.028117454526020547e+00
5.337062602937029610e+00,-3.069429600384006207e+01,-2.003072792015698766e+00,-1.657614829929233053e+02,-1.041696908102736518e+00
5.356329976954852690e+00,-3.078860792057018969e+01,-1.999696465198588013e+00,-1.656986539397659044e+02,-1.055307384945729288e+00
5.375597350972676658e+00,-3.088450602821860613e+01,-1.996161681837041790e+00,-1.656371026683558227e+02,-1.068972641930620693e+00
5.394864724990499738e+00,-3.098200993350146959e+01,-1.992463209307874461e+00,-1.655771201535909256e+02,-1.082699419035165755e+00
5.414132099008322818e+00,-3.108113928055608355e+01,-1.988595518737371393e+00,-1.655189826904649806e+02,-1.096476022725259902e+00
5.433399473026145898e+00,-3.118191365665869696e+01,-1.984552769001770800e+00,-1.654628756171883310e+02,-1.110275642875058644e+00
5.452666847043968978e+00,-3.128435248902576049e+01,-1.980328791239610808e+00,-1.654088411508315346e+02,-1.124063501683261634e+00
5.471934221061792059e+00,-3.138847493734619221e+01,-1.975917073672291746e+00,-1.653567632759650792e+02,-1.137805984837781503e+00
5.491201595079616027e+00,-3.149429978506706718e+01,-1.971310746223823740e+00,-1.653063932178708342e+02,-1.151479430698482354e+00
5.510468969097439107e+00,-3.160184532965992688e+01,-1.966502564253729490e+00,-1.652574088595787032e+02,-1.165076352150052674e+00
5.529736343115262187e+00,-3.171112926883315097e+01,-1.961484890719715324e+00,-1.652094929210342400e+02,-1.178607512431402382e+00
5.549003717133085267e+00,-3.182216857676629118e+01,-1.956249676272770355e+00,-1.651624098933757523e+02,-1.192099323980811754e+00
5.568271091150908347e+00,-3.193497936267124615e+01,-1.950788437111673268e+00,-1.651160619344167060e+02,-1.205587238107518333e+00
5.587538465168731427e+00,-3.204957670378540513e+01,-1.945092230803668221e+00,-1.650705093033496667e+02,-1.219106835656791121e+00
5.606805839186554508e+00,-3.216597444630542668e+01,-1.939151630614889044e+00,-1.650259501448488209e+02,-1.232684929555429409e+00
5.626073213204378476e+00,-3.228418497037142743e+01,-1.932956699100165654e+00,-1.649826650535931662e+02,-1.246332978173017025e+00
5.645340587222201556e+00,-3.240421891827058687e+01,-1.926496961723893842e+00,-1.649409409472181949e+02,-1.260044489011837188e+00
5.664607961240024636e+00,-3.252608488766131245e+01,-1.919761381118449517e+00,-1.649009939297922074e+02,-1.273797044842523984e+00
5.683875335257847716e+00,-3.264978909303651733e+01,-1.912738332282677201e+00,-1.648629108258197675e+02,-1.287558397747613936e+00
5.703142709275670796e+00,-3.277533499836195574e+01,-1.905415578668994137e+00,-1.648266241155850196e+02,-1.301295055506228593e+00
5.722410083293493877e+00,-3.290272292180993929e+01,-1.897780248809798564e+00,-1.647919264940591688e+02,-1.314981171519900904e+00
5.741677457311317845e+00,-3.303194961018702713e+01,-1.889818812987759999e+00,-1.647585213126257031e+02,-1.328605479502734443e+00
5.760944831329140925e+00,-3.316300777682292278e+01,-1.881517059519655088e+00,-1.647260961044096632e+02,-1.342174501214642213e+00
5.780212205346964005e+00,-3.329588559330166220e+01,-1.872860070506461305e+00,-1.646944004321509283e+02,-1.355711191234991952e+00
5.799479579364787085e+00,-3.343056612334015654e+01,-1.863832197354498454e+00,-1.646633080150929516e+02,-1.369249348200192840e+00
5.818746953382610165e+00,-3.356702668690041946e+01,-1.854417036901173876e+00,-1.646328469990917540e+02,-1.382825223524272396e+00
5.838014327400433245e+00,-3.370523814432951326e+01,-1.844597409472466865e+00,-1.646031904614797270e+02,-1.396468498624441779e+00
5.857281701418256326e+00,-3.384516409352762878e+01,-1.834355340556413250e+00,-1.645746096317224101e+02,-1.410194969532115650e+00
5.876549075436080294e+00,-3.398675997702527241e+01,-1.823672047935084306e+00,-1.645474020163982800e+02,-1.424002824590703931e+00
5.895816449453903374e+00,-3.412997209940786547e+01,-1.812527936071744339e+00,-1.645218130178033960e+02,-1.437873457801195132e+00
5.915083823471726454e+00,-3.427473655786099016e+01,-1.800902599356122513e+00,-1.644979711304449381e+02,-1.451776590108313059e+00
5.934351197489549534e+00,-3.442097808918695989e+01,-1.788774835573632149e+00,-1.644758531842299192e+02,-1.465678380112375612e+00
5.953618571507372614e+00,-3.456860883546599439e+01,-1.776122670810571957e+00,-1.644552884450934584e+02,-1.479550459569751064e+00
5.972885945525195694e+00,-3.471752702818581326e+01,-1.762923397051712637e+00,-1.644360006108110213e+02,-1.493377597278534807e+00
5.992153319543019663e+00,-3.486761558819860340e+01,-1.749153624039894384e+00,-1.644176771747678458e+02,-1.507162029043209728e+00
6.011420693560842743e+00,-3.501874063756876865e+01,-1.734789347552908145e+00,-1.644000485669171781e+02,-1.520923319680712371e+00
6.030688067578665823e+00,-3.517074992045802162e+01,-1.719806037041387903e+00,-1.643829567468368111e+02,-1.534693756550708388e+00
6.049955441596488903e+00,-3.532347113448072662e+01,-1.704178746431840530e+00,-1.643663954018103368e+02,-1.548510433547740428e+00
6.069222815614311983e+00,-3.547671018167858392e+01,-1.687882252667473715e+00,-1.643505111393606910e+02,-1.562406061258310386e+00
6.088490189632135063e+00,-3.563024935897290391e+01,-1.670891227076883201e+00,-1.643355652185061899e+02,-1.576400884983059525e+00
6.107757563649959032e+00,-3.578384552065823243e+01,-1.653180444808669547e+00,-1.643218656756324947e+02,-1.590497805476982940e+00
6.127024937667782112e+00,-3.593722825890438344e+01,-1.634725037297430461e+00,-1.643096873526654633e+02,-1.604681959529107083e+00
6.146292311685605192e+00,-3.609009816107916890e+01,-1.615500792055974300e+00,-1.642992003454904193e+02,-1.618924864289999377e+00
6.165559685703428272e+00,-3.624212521410348131e+01,-1.595484503101851192e+00,-1.642904251333102650e+02,-1.633192067701432881e+00
6.184827059721250464e+00,-3.639294743571753088e+01,-1.574654374130071144e+00,-1.642832258618179821e+02,-1.647452365639532790e+00
6.204094433739073544e+00,-3.654216982080507137e+01,-1.552990475225161315e+00,-1.642773436775704283e+02,-1.661686248902266794e+00
6.223361807756896624e+00,-3.668936369856876922e+01,-1.530475252488490812e+00,-1.642724619313516712e+02,-1.675891419844861563e+00
6.242629181774720593e+00,-3.683406660418813772e+01,-1.507094088375493302e+00,-1.642682868760697659e+02,-1.690083934910790786e+00
6.261896555792543673e+00,-3.697578277698031002e+01,-1.482835908636473743e+00,-1.642646232492659522e+02,-1.704294627722060307e+00
6.281163929810366753e+00,-3.711398440543318600e+01,-1.457693829321771828e+00,-1.642614251096154305e+02,-1.718561684490616415e+00
6.300431303828189833e+00,-3.724811374593487301e+01,-1.431665834140862348e+00,-1.642588084699676472e+02,-1.732921261605495866e+00
6.319698677846012913e+00,-3.737758624345450187e+01,-1.404755468437238530e+00,-1.642570221424638817e+02,-1.747398568998238533e+00
6.338966051863835993e+00,-3.750179477478144463e+01,-1.376972531208006778e+00,-1.642563841330151320e+02,-1.762001734719432111e+00
6.358233425881659073e+00,-3.762011511395628816e+01,-1.348333741240161254e+00,-1.642571998934269857e+02,-1.776720044656426856e+00
6.377500799899483042e+00,-3.773191268175301616e+01,-1.318863348082482734e+00,-1.642596833779433041e+02,-1.791527020370887513e+00
6.396768173917306122e+00,-3.783655058483553546e+01,-1.288593653959481777e+00,-1.642639010746852080e+02,-1.806387563434993293e+00
6.416035547935129202e+00,-3.793339887651157483e+01,-1.257565409712147808e+00,-1.642697533628495989e+02,-1.821267368247275975e+00
6.435302921952952282e+00,-3.802184488392742878e+01,-1.225828047245007824e+00,-1.642769982194506895e+02,-1.836142228711150404e+00
6.454570295970775362e+00,-3.810130435311877761e+01,-1.193439713415366255e+00,-1.642853116989599016e+02,-1.851004868308145035e+00
6.473837669988598442e+00,-3.817123307276307287e+01,-1.160467076143814280e+00,-1.642943702210546064e+02,-1.865867513580125925e+00
6.493105044006422411e+00,-3.823113855990345655e+01,-1.126984882669533450e+00,-1.643039338386336681e+02,-1.880759484341906873e+00
6.512372418024245491e+00,-3.828059133588692475e+01,-1.093075261803607701e+00,-1.643139089693995913e+02,-1.895720346589986782e+00
6.531639792042068571e+00,-3.831923529583379207e+01,-1.058826775858990876e+00,-1.643243740115697733e+02,-1.910790342275222375e+00
6.550907166059891651e+00,-3.834679668462069912e+01,-1.024333242512728059e+00,-1.643355607376621492e+02,-1.926000551024527052e+00
6.570174540077714731e+00,-3.836309123754638506e+01,-9.896923609369991937e-01,-1.643477958807707751e+02,-1.941365334618549987e+00
6.589441914095537811e+00,-3.836802912200550963e+01,-9.550041889193261468e-01,-1.643614177287816460e+02,-1.956879032705837185e+00
6.608709288113361779e+00,-3.836161742209917236e+01,-9.203695273439016500e-01,-1.643766890105941627e+02,-1.972517782617008830e+00
6.627976662131184860e+00,-3.834396003340425807e+01,-8.858882745353903188e-01,-1.643937282940317743e+02,-1.988246027947508709e+00
6.647244036149007940e+00,-3.831525497086147425e+01,-8.516578150706114458e-01,-1.644124774610518216e+02,-2.004026096279878821e+00
6.666511410166831020e+00,-3.827578922885929558e+01,-8.177715055471269645e-01,-1.644327138686942646e+02,-2.019828448597382753e+00
6.685778784184654100e+00,-3.822593145882912324e+01,-7.843173135884899949e-01,-1.644541047076666871e+02,-2.035640008126316403e+00
6.705046158202477180e+00,-3.816612283625701707e+01,-7.513766565245338924e-01,-1.644762904045641392e+02,-2.051468414611639535e+00
6.724313532220300260e+00,-3.809686656752883493e+01,-7.190234735021635570e-01,-1.644989762336831234e+02,-2.067341037495813882e+00
6.743580906238124228e+00,-3.801871653134136864e+01,-6.873235503392084444e-01,-1.645220086716173569e+02,-2.083298900941527698e+00
6.762848280255947309e+00,-3.793226555667689581e+01,-6.563341015141282986e-01,-1.645454164266093073e+02,-2.099387000913783830e+00
6.782115654273770389e+00,-3.783813381059967185e+01,-6.261035996293626837e-01,-1.645694049123544289e+02,-2.115643470258884662e+00
6.801383028291593469e+00,-3.773695770943265870e+01,-5.966718307192458992e-01,-1.645943049768742128e+02,-2.132090387223428252e+00
6.820650402309416549e+00,-3.762937968461986316e+01,-5.680701448234949380e-01,-1.646204886486321755e+02,-2.148728619485121172e+00
6.839917776327239629e+00,-3.751603904029366277e+01,-5.403218658161587085e-01,-1.646482732459701310e+02,-2.165538062308312917e+00
6.859185150345063597e+00,-3.739756404418756119e+01,-5.134428225852730732e-01,-1.646778382029451961e+02,-2.182483254000364248e+00
6.878452524362886678e+00,-3.727456530671844348e+01,-4.874419648684111261e-01,-1.647091758097900254e+02,-2.199522995430546413e+00
6.897719898380709758e+00,-3.714763043178680846e+01,-4.623220305982725931e-01,-1.647420887146540736e+02,-2.216621591572322192e+00
6.916987272398532838e+00,-3.701731987065275575e+01,-4.380802365703420076e-01,-1.647762355399534329e+02,-2.233758900428604477e+00
6.936254646416355918e+00,-3.688416387722540435e+01,-4.147089696983167206e-01,-1.648112139652866972e+02,-2.250936619233107727e+00
6.955522020434178998e+00,-3.674866044653177255e+01,-3.921964613305427005e-01,-1.648466609053390926e+02,-2.268179122679937265e+00
6.974789394452002966e+00,-3.661127411358684469e+01,-3.705274315870729640e-01,-1.648823444534338023e+02,-2.285528512028403014e+00
6.994056768469826046e+00,-3.647243549251713546e+01,-3.496836942591800557e-01,-1.649182236560625654e+02,-2.303035022779635899e+00
7.013324142487649127e+00,-3.633254144142533448e+01,-3.296447155577329480e-01,-1.649544599673442633e+02,-2.320745181131590673e+00
7.032591516505472207e+00,-3.619195574438829510e+01,-3.103881221299149007e-01,-1.649913765727597195e+02,-2.338690738155406734e+00
7.051858890523295287e+00,-3.605101020708920601e+01,-2.918901555623387156e-01,-1.650293753437915427e+02,-2.356881248477369351e+00
7.071126264541118367e+00,-3.591000606728664479e+01,-2.741260722810262007e-01,-1.650688322294495265e+02,-2.375302237856964815e+00
7.090393638558941447e+00,-3.576921562687799394e+01,-2.570704894588308198e-01,-1.651099974739672405e+02,-2.393919482725484826e+00
7.109661012576765415e+00,-3.562888402013443567e+01,-2.406976792271572907e-01,-1.651529259098369380e+02,-2.412688386770593940e+00
7.128928386594588495e+00,-3.548923104367314352e+01,-2.249818150282239526e-01,-1.651974552379828083e+02,-2.431566165196011209e+00
7.148195760612411576e+00,-3.535045298786516810e+01,-2.098971751487314907e-01,-1.652432385528621523e+02,-2.450523825639373321e+00
7.167463134630234656e+00,-3.521272442561055982e+01,-1.954183091730998800e-01,-1.652898240607559046e+02,-2.469554925896633613e+00
7.186730508648057736e+00,-3.507619993092309585e+01,-1.815201731896271542e-01,-1.653367629603453963e+02,-2.488678811931130497e+00
7.205997882665880816e+00,-3.494101571443012233e+01,-1.681782390967050955e-01,-1.653837187103111717e+02,-2.507937363255124286e+00
7.225265256683704784e+00,-3.480729117385109816e+01,-1.553685824279960326e-01,-1.654305496478417865e+02,-2.527385908272932191e+00
7.244532630701527864e+00,-3.467513036367606105e+01,-1.430679519721652082e-01,-1.654773429725201765e+02,-2.547080509040596130e+00
7.263800004719350945e+00,-3.454462338957644363e+01,-1.312538233639819751e-01,-1.655243902711100361e+02,-2.567064821347011083e+00
7.283067378737174025e+00,-3.441584773054967172e+01,-1.199044379973014385e-01,-1.655721098602188306e+02,-2.587359905265127491e+00
7.302334752754997105e+00,-3.428886948720996486e+01,-1.089988281981166679e-01,-1.656209350669652736e+02,-2.607959632492008240e+00
7.321602126772820185e+00,-3.416374455007183997e+01,-9.851682962112563724e-02,-1.656711963735837969e+02,-2.628832919156631309e+00
7.340869500790643265e+00,-3.404051967898116970e+01,-8.843908220150070720e-02,-1.657230269722192304e+02,-2.649932299521311485e+00
7.360136874808467233e+00,-3.391923348517097736e+01,-7.874702152299048463e-02,-1.657763156124615307e+02,-2.671206783321631750e+00
7.379404248826290313e+00,-3.379991731093458895e+01,-6.942286293756773363e-02,-1.658307192740124094e+02,-2.692615868326218465e+00
7.398671622844113394e+00,-3.368259600781915708e+01,-6.044958099933672030e-02,-1.658857337928918696e+02,-2.714141239236507630e+00
7.417938996861936474e+00,-3.356728862103953759e+01,-5.181088664200959870e-02,-1.659408062433724353e+02,-2.735793159233054883e+00
7.437206370879759554e+00,-3.345400899371065861e+01,-4.349120402691006998e-02,-1.659954618930801473e+02,-2.757609783318430097e+00
7.456473744897582634e+00,-3.334276630793641516e+01,-3.547564821525595047e-02,-1.660494138234033414e+02,-2.779649354001783479e+00
7.475741118915406602e+00,-3.323356557987656856e+01,-2.775000395009324938e-02,-1.661026266159848603e+02,-2.801977074576534665e+00
7.495008492933229682e+00,-3.312640812263525447e+01,-2.030070507357566861e-02,-1.661553165850345124e+02,-2.824649897881186700e+00
7.514275866951052762e+00,-3.302129198507098806e+01,-1.311481363027430791e-02,-1.662078872030349430e+02,-2.847703087113688802e+00
7.533543240968875843e+00,-3.291821236795311734e+01,-6.179997617394803258e-03,-1.662608151673157977e+02,-2.871141999344702711e+00
7.552810614986698923e+00,-3.281716201304966773e+01,5.154933638055404950e-04,-1.663145152903870496e+02,-2.894941226995402683e+00
7.572077989004522003e+00,-3.271813155723552313e+01,6.982854727211638274e-03,-1.663692177718799883e+02,-2.919051386600338471e+00
7.591345363022345971e+00,-3.262110984341430253e+01,1.323275528430365583e-02,-1.664248884131140187e+02,-2.943411958424317021e+00
7.610612737040169051e+00,-3.252608418292867043e+01,1.927536629770780843e-02,-1.664812120945949232e+02,-2.967967100571118344e+00
7.629880111057992131e+00,-3.243304056930452361e+01,2.512038979329715704e-02,-1.665376448734372730e+02,-2.992680598871121145e+00
7.649147485075815212e+00,-3.234196384913525435e+01,3.077708475700805663e-02,-1.665935235826710255e+02,-3.017546228336109415e+00
7.668414859093638292e+00,-3.225283786096278504e+01,3.625429023513399018e-02,-1.666482073400675006e+02,-3.042590801009394053e+00
7.687682233111461372e+00,-3.216564555571359563e+01,4.156044500014612758e-02,-1.667012163883169649e+02,-3.067868894509691469e+00
7.706949607129284452e+00,-3.208036911181864070e+01,4.670360416623633992e-02,-1.667523329706172888e+02,-3.093450334455820627e+00
7.726216981147108420e+00,-3.199699005466215951e+01,5.169145374628421330e-02,-1.668016374883579545e+02,-3.119403416905788706e+00
7.745484355164931500e+00,-3.191548938438200977e+01,5.653132447268707089e-02,-1.668494692977556610e+02,3.137407257207312838e+00
7.764751729182754580e+00,-3.183584770978196232e+01,6.123020617194004783e-02,-1.668963208939887295e+02,3.110592218480041193e+00
7.784019103200577661e+00,-3.175804538088573636e+01,6.579476359921990203e-02,-1.669426914024345479e+02,3.083354213298836299e+00
7.803286477218400741e+00,-3.168206260985397549e+01,7.023135401219486595e-02,-1.669889355588202591e+02,3.055743430380055248e+00
7.822553851236223821e+00,-3.160787957032528439e+01,7.454604606621945129e-02,-1.670351453795567807e+02,3.027831282683771885e+00
7.841821225254047789e+00,-3.153547646860173259e+01,7.874463903800352216e-02,-1.670810938300291184e+02,2.999693631809551064e+00
7.861088599271870869e+00,-3.146483358552437082e+01,8.283268108971066079e-02,-1.671262552559487347e+02,2.971392760737841865e+00
7.880355973289693949e+00,-3.139593129386269865e+01,8.681548535148907175e-02,-1.671698993854698472e+02,2.942962461738906743e+00
7.899623347307517029e+00,-3.132875006091081715e+01,9.069814300982520505e-02,-1.672112379785780263e+02,2.914399986425832090e+00
7.918890721325340110e+00,-3.126327044838670233e+01,9.448553322990921322e-02,-1.672495895338479954e+02,2.885667069366947501e+00
7.938158095343163190e+00,-3.119947312098894443e+01,9.818233043706901808e-02,-1.672845214905931641e+02,2.856700058244031393e+00
7.957425469360986270e+00,-3.113733887125969702e+01,1.017930100441785252e-01,-1.673159334899611110e+02,2.827426856870546956e+00
7.976692843378810238e+00,-3.107684866272836288e+01,1.053218539843579771e-01,-1.673440593311993041e+02,2.797786546596917834e+00
7.995960217396633318e+00,-3.101798368720733023e+01,1.087729573158454921e-01,-1.673693858952142932e+02,2.767746764167814177e+00
8.015227591414456398e+00,-3.096072542723747389e+01,1.121502367327448929e-01,-1.673925086949399201e+02,2.737314442779545054e+00
8.034494965432280367e+00,-3.090505571236874616e+01,1.154574411592509259e-01,-1.674139597512503030e+02,2.706537205972269877e+00
8.053762339450102559e+00,-3.085095675884186406e+01,1.186981639049348169e-01,-1.674340500749115961e+02,2.675495034410710904e+00
8.073029713467926527e+00,-3.079841118607085448e+01,1.218758553065996397e-01,-1.674527651542110505e+02,2.644284173083987888e+00
8.092297087485748719e+00,-3.074740200906466825e+01,1.249938345299572706e-01,-1.674697391938014164e+02,2.612997071095277679e+00
8.111564461503572687e+00,-3.069791261199219079e+01,1.280552993223117997e-01,-1.674843156100190811e+02,2.581703097942905867e+00
8.130831835521394879e+00,-3.064992671281730097e+01,1.310633329645050915e-01,-1.674956811910473959e+02,2.550434689803154242e+00
8.150099209539218847e+00,-3.060342833099869253e+01,1.340209083424654946e-01,-1.675030433445362235e+02,2.519182430028026776e+00
8.169366583557042816e+00,-3.055840176907331696e+01,1.369308897618240206e-01,-1.675058080867168826e+02,2.487900519922849440e+00
8.188633957574865008e+00,-3.051483161482463302e+01,1.397960336697707806e-01,-1.675037144720541562e+02,2.456521545016069119e+00
8.207901331592688976e+00,-3.047270276478567652e+01,1.426189896767399434e-01,-1.674968906986025274e+02,2.424977016934031226e+00
8.227168705610511168e+00,-3.043200046366596112e+01,1.454023031214281281e-01,-1.674858164956487769e+02,2.393218580024262909e+00
8.246436079628335136e+00,-3.039271034960883000e+01,1.481484199344395847e-01,-1.674712004451687619e+02,2.361234531458185515e+00
8.265703453646159105e+00,-3.035481849327966231e+01,1.508596938602411730e-01,-1.674538026171486251e+02,2.329057500946434267e+00
8.284970827663981296e+00,-3.031831142019566627e+01,1.535383953838646565e-01,-1.674342462415662283e+02,2.296761389730854752e+00
8.304238201681805265e+00,-3.028317611007053856e+01,1.561867211739382533e-01,-1.674128641083427738e+02,2.264448312357249193e+00
8.323505575699627457e+00,-3.024939997307953732e+01,1.588068026457064297e-01,-1.673896164837432536e+02,2.232228644354893099e+00
8.342772949717451425e+00,-3.021697080917753553e+01,1.614007124263040494e-01,-1.673641004409701907e+02,2.200198863378895808e+00
8.362040323735273617e+00,-3.018587676120578678e+01,1.639704680236856171e-01,-1.673356494615310055e+02,2.168422412049003878e+00
8.381307697753097585e+00,-3.015610627422008960e+01,1.665180327198457211e-01,-1.673035010274293484e+02,2.136918212952666707e+00
8.400575071770921554e+00,-3.012764807176703741e+01,1.690453144317599632e-01,-1.672669929265459530e+02,2.105659787999283772e+00
8.419842445788743746e+00,-3.010049115516529739e+01,1.715541638104516597e-01,-1.672257403884786982e+02,2.074585439785742391e+00
8.439109819806567714e+00,-3.007462482547240867e+01,1.740463730324286473e-01,-1.671797491924084227e+02,2.043617173572380263e+00
8.458377193824389906e+00,-3.005003872147625898e+01,1.765236765242956252e-01,-1.671294350338178845e+02,2.012683717062592859e+00
8.477644567842213874e+00,-3.002672286249135070e+01,1.789877543054350650e-01,-1.670755432502989208e+02,1.981741851257656117e+00
8.496911941860036066e+00,-3.000466768323999744e+01,1.814402378849401531e-01,-1.670189887207152708e+02,1.950790685455023210e+00
8.516179315877860034e+00,-2.998386405010017697e+01,1.838827179119872091e-01,-1.669606558277201032e+02,1.919875357158219886e+00
8.535446689895684003e+00,-2.996430325299208519e+01,1.863167522569390833e-01,-1.669012075047312749e+02,1.889079326001447789e+00
8.554714063913506195e+00,-2.994597697380694612e+01,1.887438730399152720e-01,-1.668409491260713651e+02,1.858507196565396535e+00
8.573981437931330163e+00,-2.992887723874289563e+01,1.911655913727425826e-01,-1.667797793157984927e+02,1.828262195289290126e+00
8.593248811949152355e+00,-2.991299636641640447e+01,1.935833991747807903e-01,-1.667172394257111421e+02,1.798423634745936806e+00
8.612516185966976323e+00,-2.989832692489745725e+01,1.959987682029684930e-01,-1.666526506970545825e+02,1.769029741739880368e+00
8.631783559984798515e+00,-2.988486170847962953e+01,1.984131471882204234e-01,-1.665853072666305650e+02,1.740070082633901727e+00
8.651050934002622483e+00,-2.987259373964410614e+01,2.008279584860496458e-01,-1.665146786586493022e+02,1.711489637112967532e+00
8.670318308020444675e+00,-2.986151629474994351e+01,2.032445957833751149e-01,-1.664405713804329423e+02,1.683203742986962403e+00
8.689585682038268644e+00,-2.985162294537527217e+01,2.056644241141699081e-01,-1.663632080917169560e+02,1.655120329637273624e+00
8.708853056056090836e+00,-2.984290760277589172e+01,2.080887827981413585e-01,-1.662832033330058152e+02,1.627163885299154567e+00
8.728120430073914804e+00,-2.983536455187818248e+01,2.105189911010635628e-01,-1.662014415995514867e+02,1.599295106170039338e+00
8.747387804091736996e+00,-2.982898846391793413e+01,2.129563556455579543e-01,-1.661188887297397798e+02,1.571521327322422446e+00
8.766655178109562740e+00,-2.982377438258145830e+01,2.154021780906142935e-01,-1.660363838939770460e+02,1.543895254361745017e+00
8.785922552127384932e+00,-2.981971768575268200e+01,2.178577614914907201e-01,-1.659544630896794217e+02,1.516502454187116822e+00
8.805189926145208901e+00,-2.981681403173657330e+01,2.203244140841023324e-01,-1.658732562775095687e+02,1.489440740376537731e+00
8.824457300163031093e+00,-2.981505930323752906e+01,2.228034499236670463e-01,-1.657924823480113048e+02,1.462796431103800421e+00
8.843724674180855061e+00,-2.981444956316562767e+01,2.252961866618321540e-01,-1.657115433219635747e+02,1.436623161012903882e+00
8.862992048198677253e+00,-2.981498103325261795e+01,2.278039415355721520e-01,-1.656296960155572151e+02,1.410928393082678589e+00
8.882259422216501221e+00,-2.981665010027976948e+01,2.303280271457268658e-01,-1.655462603603681657e+02,1.385671060557891465e+00
8.901526796234323413e+00,-2.981945334711388185e+01,2.328697486789483573e-01,-1.654608132237118525e+02,1.360771136370885426e+00
8.920794170252147381e+00,-2.982338759879984380e+01,2.354304038466323024e-01,-1.653733185836592554e+02,1.336128924485238567e+00
8.940061544269969573e+00,-2.982844996960028183e+01,2.380112860760127402e-01,-1.652841601584904367e+02,1.311649285151217814e+00
8.959328918287793542e+00,-2.983463789635372976e+01,2.406136905909754542e-01,-1.651940677056999505e+02,1.287264643000410214e+00
8.978596292305615734e+00,-2.984194914704557888e+01,2.432389222089990921e-01,-1.651039560283460617e+02,1.262950945086538157e+00
8.997863666323439702e+00,-2.985038180014321441e+01,2.458883031821962606e-01,-1.650147179700596496e+02,1.238732630506080845e+00
9.017131040341263670e+00,-2.985993419824356820e+01,2.485631793677444135e-01,-1.649270233085431414e+02,1.214675526860738097e+00
9.036398414359087639e+00,-2.987060488672726066e+01,2.512649234455965885e-01,-1.648411726486924351e+02,1.190869568361759612e+00
9.055665788376909831e+00,-2.988239255241219539e+01,2.539949346973928157e-01,-1.647570412059295677e+02,1.167405611669206866e+00
9.074933162394733799e+00,-2.989529597741197264e+01,2.567546358056924105e-01,-1.646741258712787044e+02,1.144351956545063942e+00
9.094200536412555991e+00,-2.990931401939998224e+01,2.595454679676248988e-01,-1.645916847822294642e+02,1.121736260536987162e+00
9.113467910430379959e+00,-2.992444562229297489e+01,2.623688861085298196e-01,-1.645089364160718048e+02,1.099537351253577544e+00
9.132735284448202151e+00,-2.994068985293415253e+01,2.652263559866451237e-01,-1.644252697163823314e+02,1.077689146277602150e+00
9.152002658466026119e+00,-2.995804595198881159e+01,2.681193544891166680e-01,-1.643404123764123028e+02,1.056095907398094447e+00
9.171270032483848311e+00,-2.997651338302856416e+01,2.710493735594088904e-01,-1.642545136664589336e+02,1.034655094549567833e+00
9.190537406501672280e+00,-2.999609186390484084e+01,2.740179271982638443e-01,-1.641681198174632925e+02,1.013282006197528728e+00
9.209804780519494471e+00,-3.001678136904713412e+01,2.770265601187255622e-01,-1.640820482217309007e+02,9.919298797061232298e-01
9.229072154537318440e+00,-3.003858209909190080e+01,2.800768561521241318e-01,-1.639971931587366782e+02,9.706003581597757446e-01
9.248339528555140632e+00,-3.006149442316130305e+01,2.831704445376211909e-01,-1.639143127114695346e+02,9.493417954908404122e-01
9.267606902572966376e+00,-3.008551880671666012e+01,2.863090027833909423e-01,-1.638338499988583123e+02,9.282359704524407729e-01
9.286874276590788568e+00,-3.011065574207128392e+01,2.894942557187940024e-01,-1.637558322277168656e+02,9.073765802282779402e-01
9.306141650608612537e+00,-3.013690569813899245e+01,2.927279714132213773e-01,-1.636798718480193600e+02,8.868447828066424732e-01
9.325409024626434729e+00,-3.016426910086141433e+01,2.960119555278991621e-01,-1.636052699289557779e+02,8.666877363804132983e-01
9.344676398644258697e+00,-3.019274634732952123e+01,2.993480461412747484e-01,-1.635311975410581056e+02,8.469054436183475199e-01
9.363943772662080889e+00,-3.022233784716192062e+01,3.027381110060675673e-01,-1.634569112987087749e+02,8.274493217686732516e-01
9.383211146679904857e+00,-3.025304407682717667e+01,3.061840485679923618e-01,-1.633819491659175185e+02,8.082330884136874616e-01
9.402478520697727049e+00,-3.028486562852024733e+01,3.096877930649198363e-01,-1.633062559175836270e+02,7.891533867653843792e-01
9.421745894715551017e+00,-3.031780323613814332e+01,3.132513229036573144e-01,-1.632302048826781515e+02,7.701149328512363335e-01
9.441013268733373209e+00,-3.035185776669704794e+01,3.168766705884598633e-01,-1.631545097526391999e+02,7.510536863015349063e-01
9.460280642751197178e+00,-3.038703017468966650e+01,3.205659320118930955e-01,-1.630800493994271108e+02,7.319520689095561083e-01
9.479548016769019370e+00,-3.042332142692771058e+01,3.243212730537551325e-01,-1.630076510526396589e+02,7.128424054298245771e-01
9.498815390786845114e+00,-3.046073241357651895e+01,3.281449321436311628e-01,-1.629378868101804017e+02,6.937978385250154201e-01
9.518082764804667306e+00,-3.049926386505498144e+01,3.320392185430563470e-01,-1.628709338678304732e+02,6.749130836181200799e-01
9.537350138822491274e+00,-3.053891629303960187e+01,3.360065072975004230e-01,-1.628065325652275135e+02,6.562797958988763058e-01
9.556617512840313466e+00,-3.057968996724890687e+01,3.400492327662620884e-01,-1.627440528543152709e+02,6.379625718676235069e-01
9.575884886858137435e+00,-3.062158492969222223e+01,3.441698830878712201e-01,-1.626826540334502909e+02,6.199815101903498604e-01
9.595152260875959627e+00,-3.066460103734263143e+01,3.483709977419983117e-01,-1.626214995620450168e+02,6.023058050172479527e-01
9.614419634893783595e+00,-3.070873801570054340e+01,3.526551695650287366e-01,-1.625599736700867481e+02,5.848602389035754134e-01
9.633687008911605787e+00,-3.075399550187266939e+01,3.570250513735727105e-01,-1.624978440038816245e+02,5.675431833236344037e-01
9.652954382929429755e+00,-3.080037305778489909e+01,3.614833660731653353e-01,-1.624353269848594721e+02,5.502516233653056421e-01
9.672221756947251947e+00,-3.084787014157176444e+01,3.660329181315313263e-01,-1.623730376918551030e+02,5.329067391409372245e-01
9.691489130965075915e+00,-3.089648603611018629e+01,3.706766038623328097e-01,-1.623118369082347385e+02,5.154733747649831166e-01
9.710756504982898107e+00,-3.094621974513831120e+01,3.754174182314902186e-01,-1.622526151284989737e+02,4.979683841921587195e-01
9.730023879000722076e+00,-3.099706987623735799e+01,3.802584568083156591e-01,-1.621960689579240409e+02,4.804558039869208375e-01
9.749291253018544268e+00,-3.104903453361881205e+01,3.852029128011300041e-01,-1.621425260584322814e+02,4.630301566208387953e-01
9.768558627036370012e+00,-3.110211124098763591e+01,3.902540704853388887e-01,-1.620918618806939548e+02,4.457920633361479590e-01
9.787826001054192204e+00,-3.115629690631155668e+01,3.954152973704203600e-01,-1.620435290435705724e+02,4.288221531955264676e-01
9.807093375072016173e+00,-3.121158782831053813e+01,4.006900378617951897e-01,-1.619966934434416430e+02,4.121597016083367038e-01
9.826360749089838365e+00,-3.126797973213832549e+01,4.060818108213777866e-01,-1.619504451718844109e+02,3.957914335597490507e-01
9.845628123107662333e+00,-3.132546781249562784e+01,4.115942123929426932e-01,-1.619040325300794336e+02,3.796535901201983365e-01
9.864895497125484525e+00,-3.138404675896029872e+01,4.172309240045055656e-01,-1.618570593046815418e+02,3.636470731100777121e-01
9.884162871143306717e+00,-3.144371074177681535e+01,4.229957239832616289e-01,-1.618095928146764493e+02,3.476620109431153849e-01
9.903430245161130685e+00,-3.150445334595744740e+01,4.288925001307001272e-01,-1.617621527136690247e+02,3.316054359264773432e-01
9.922697619178952877e+00,-3.156626745480672369e+01,4.349252602217824615e-01,-1.617155823538808193e+02,3.154248170843213517e-01
9.941964993196776845e+00,-3.162914509729374046e+01,4.410981378408759257e-01,-1.616708360381421130e+02,2.991212964445146283e-01
9.961232367214599037e+00,-3.169307728333649621e+01,4.474153921479701035e-01,-1.616287371900795051e+02,2.827492521251415147e-01
9.980499741232423005e+00,-3.175805385421596938e+01,4.538814017734616457e-01,-1.615897688523826616e+02,2.664023618321978981e-01
9.999767115250245197e+00,-3.182406337091346771e+01,4.605006546313709648e-01,-1.615539487931774545e+02,2.501896752602696394e-01
1.001903448926807094e+01,-3.189109305215832180e+01,4.672777365721098586e-01,-1.615208205470871690e+02,2.342075806853389230e-01
1.003830186328589313e+01,-3.195912875925715113e+01,4.742173221333557120e-01,-1.614895641359193235e+02,2.185145617826003694e-01
1.005756923730371710e+01,-3.202815501035644274e+01,4.813241700692230118e-01,-1.614592013926293248e+02,2.031151222623160946e-01
1.007683661132153929e+01,-3.209815499672885153e+01,4.886031249739487548e-01,-1.614288464071967155e+02,1.879572262620426426e-01
1.009610398533936326e+01,-3.216911057094972648e+01,4.960591245219813650e-01,-1.613979377090499270e+02,1.729443403511973787e-01
1.011537135935718545e+01,-3.224100218246748284e+01,5.036972101095738008e-01,-1.613663906394359628e+02,1.579593451337997778e-01
1.013463873337500942e+01,-3.231380874878507825e+01,5.115225374932064195e-01,-1.613346275936967800e+02,1.428942588033969008e-01
1.015390610739283161e+01,-3.238750746694148575e+01,5.195403837300509586e-01,-1.613034761620329505e+02,1.276779722386016391e-01
1.017317348141065558e+01,-3.246207358571425061e+01,5.277561474481702319e-01,-1.612739610288705592e+02,1.122946670820921672e-01
1.019244085542847778e+01,-3.253748016951031730e+01,5.361753410408943710e-01,-1.612470436516867665e+02,9.678811587552588191e-02
1.021170822944630174e+01,-3.261369788711489548e+01,5.448035753787449087e-01,-1.612233763884705411e+02,8.125079160055634353e-02
1.023097560346412394e+01,-3.269069485140789766e+01,5.536465395135462542e-01,-1.612031329219272777e+02,6.580053223206014379e-02
1.025024297748194968e+01,-3.276843652149676700e+01,5.627099790755965003e-01,-1.611859575881699413e+02,5.055049715300140994e-02
1.026951035149977187e+01,-3.284688566032161816e+01,5.719996772621953607e-01,-1.611710479113901897e+02,3.557977446754793244e-02
1.028877772551759584e+01,-3.292600232375176006e+01,5.815214413870739563e-01,-1.611573529560294844e+02,2.091200485024663491e-02
1.030804509953541803e+01,-3.300574384641365100e+01,5.912810961223216033e-01,-1.611438408943499212e+02,6.507711970152897478e-03
1.032731247355324200e+01,-3.308606478830998299e+01,6.012844823008284267e-01,-1.611297690662985360e+02,-7.727168834573978039e-03
1.034657984757106419e+01,-3.316691681546514303e+01,6.115374580822845463e-01,-1.611148854341001879e+02,-2.191822340702009875e-02
1.036584722158888816e+01,-3.324824850521767416e+01,6.220458980136984728e-01,-1.610995055434575249e+02,-3.619065581579115204e-02
1.038511459560671035e+01,-3.333000508781478288e+01,6.328156854305722057e-01,-1.610844415510123042e+02,-5.063689302728025671e-02
1.040438196962453432e+01,-3.341212815485046406e+01,6.438526948216420909e-01,-1.610708002493346669e+02,-6.529231943062126231e-02
1.042364934364235651e+01,-3.349455537640109526e+01,6.551627629367750005e-01,-1.610597024729646876e+02,-8.012556184830699202e-02
1.044291671766018048e+01,-3.357722026894390410e+01,6.667516499818321174e-01,-1.610519962257076543e+02,-9.504584320652073592e-02
1.046218409167800267e+01,-3.366005204480350699e+01,6.786249945021701757e-01,-1.610480361538979253e+02,-1.099255609503582698e-01
1.048145146569582664e+01,-3.374297555375468960e+01,6.907882668506029056e-01,-1.610475848186610506e+02,-1.246325532435497568e-01
1.050071883971365061e+01,-3.382591130395645962e+01,7.032467260554666755e-01,-1.610498621829954686e+02,-1.390641987070281860e-01
1.051998621373147458e+01,-3.390877552925317673e+01,7.160053834155268859e-01,-1.610537349477353359e+02,-1.531748903125076389e-01
1.053925358774929677e+01,-3.399148025906174553e+01,7.290689736207148774e-01,-1.610580029121072698e+02,-1.669896769232191713e-01
1.055852096176712074e+01,-3.407393334918432970e+01,7.424419313186281233e-01,-1.610617124209204292e+02,-1.805999461536717254e-01
1.057778833578494293e+01,-3.415603844699592173e+01,7.561283686396436110e-01,-1.610644152390608212e+02,-1.941415021470533075e-01
1.059705570980276690e+01,-3.423769488886061652e+01,7.701320479867510560e-01,-1.610663012207573672e+02,-2.077602340812137738e-01
1.061632308382058909e+01,-3.431879755475570448e+01,7.844563448081792734e-01,-1.610681650961345497e+02,-2.215742764340663806e-01
1.063559045783841306e+01,-3.439923672723693926e+01,7.991041970731940225e-01,-1.610712130549083554e+02,-2.356427792354488238e-01
1.065485783185623525e+01,-3.447889801241791474e+01,8.140780412739911931e-01,-1.610767589337361017e+02,-2.499496507239772902e-01
1.067412520587405922e+01,-3.455766237595280188e+01,8.293797381468780427e-01,-1.610858887537530677e+02,-2.644065579453579451e-01
1.069339257989188141e+01,-3.463540632773279526e+01,8.450104939924275582e-01,-1.610991789992637848e+02,-2.788744630324816454e-01
1.071265995390970538e+01,-3.471200226003601585e+01,8.609707846794025787e-01,-1.611165394531305424e+02,-2.931984362600917327e-01
1.073192732792752757e+01,-3.478731891317181635e+01,8.772602887367381141e-01,-1.611372215857518881e+02,-3.072473429650903198e-01
1.075119470194535332e+01,-3.486122191908428647e+01,8.938778335018958687e-01,-1.611599952536201101e+02,-3.209486858207774018e-01
1.077046207596317551e+01,-3.493357436410219918e+01,9.108213547551636813e-01,-1.611834561026182655e+02,-3.343096097836035230e-01
1.078972944998099948e+01,-3.500423732033910085e+01,9.280878666399257071e-01,-1.612063908042024707e+02,-3.474179520451249337e-01
1.080899682399882167e+01,-3.507307031938398723e+01,9.456734360381985338e-01,-1.612281064396919703e+02,-3.604220111835732543e-01
1.082826419801664564e+01,-3.513993177528701040e+01,9.635731547873486180e-01,-1.612486333215523757e+02,-3.734934689243827877e-01
1.084753157203446783e+01,-3.520467939672319346e+01,9.817811045283266758e-01,-1.612687409595457382e+02,-3.867829240288019887e-01
1.086679894605229180e+01,-3.526717065050463873e+01,1.000290312271310489e+00,-1.612897578075705667e+02,-4.003799545294629003e-01
1.088606632007011399e+01,-3.532726334281419156e+01,1.019092699070238250e+00,-1.613132403600264411e+02,-4.142885153217935046e-01
1.090533369408793796e+01,-3.538481636815421894e+01,1.038179028280128646e+00,-1.613405777576003572e+02,-4.284242362384106939e-01
1.092460106810576015e+01,-3.543969064256739898e+01,1.057538862495655652e+00,-1.613726330846954795e+02,-4.426343751836274154e-01
1.094386844212358412e+01,-3.549175019600116343e+01,1.077160538570672621e+00,-1.614095113989650088e+02,-4.567355791856330116e-01
1.096313581614140631e+01,-3.554086336047187444e+01,1.097031167879605862e+00,-1.614505138507081199e+02,-4.705604354583168836e-01
1.098240319015923205e+01,-3.558690396718643001e+01,1.117136664733787477e+00,-1.614942950374652639e+02,-4.840016046010174322e-01
1.100167056417705425e+01,-3.562975246435122756e+01,1.137461800763091224e+00,-1.615391936242383792e+02,-4.970423697083397596e-01
1.102093793819487821e+01,-3.566929688908933826e+01,1.157990278574598131e+00,-1.615836612547116431e+02,-5.097649561475878777e-01
1.104020531221270041e+01,-3.570543366582620592e+01,1.178704815438130993e+00,-1.616266822611375460e+02,-5.223330198348626885e-01
1.105947268623052437e+01,-3.573806824838906948e+01,1.199587227919680421e+00,-1.616680695240063983e+02,-5.349515220304590368e-01
1.107874006024834657e+01,-3.576711566038000001e+01,1.220618511278859009e+00,-1.617085486988168554e+02,-5.478139395185734895e-01
1.109800743426617053e+01,-3.579250100645991495e+01,1.241778912222235576e+00,-1.617496000637841860e+02,-5.610509459292373213e-01
1.111727480828399273e+01,-3.581416001986453068e+01,1.263047998806599237e+00,-1.617930961889400976e+02,-5.746945923233414133e-01
1.113654218230181669e+01,-3.583203968024406549e+01,1.284404735275600951e+00,-1.618408301725461058e+02,-5.886676544501427966e-01
1.115580955631963889e+01,-3.584609888973216130e+01,1.305827571063739256e+00,-1.618940559311513994e+02,-6.028009630069826041e-01
1.117507693033746285e+01,-3.585630914795737567e+01,1.327294551522828270e+00,-1.619531556946883768e+02,-6.168745177756765896e-01
1.119434430435528505e+01,-3.586265513333577815e+01,1.348783453472536698e+00,-1.620175181676121667e+02,-6.306726854268507321e-01
1.121361167837310902e+01,-3.586513508957136764e+01,1.370271942673526810e+00,-1.620856639434211957e+02,-6.440404845474890783e-01
1.123287905239093121e+01,-3.586376093674897447e+01,1.391737744515612718e+00,-1.621555999403753958e+02,-6.569270892160430364e-01
1.125214642640875695e+01,-3.585855807096784531e+01,1.413158815352262287e+00,-1.622253279352854349e+02,-6.694045904642917932e-01
1.127141380042657914e+01,-3.584956487290330074e+01,1.434513501208666053e+00,-1.622933842470248180e+02,-6.816551752894645100e-01
1.129068117444440311e+01,-3.583683199786131013e+01,1.455780673334447606e+00,-1.623592651769348834e+02,-6.939278953167713482e-01
1.130994854846222530e+01,-3.582042155259823346e+01,1.476939835523475963e+00,-1.624236120526038860e+02,-7.064751933378633497e-01
1.132921592248004927e+01,-3.580040626780257185e+01,1.497971204716702198e+00,-1.624880928048410169e+02,-7.194860926987023397e-01
1.134848329649787146e+01,-3.577686874866682842e+01,1.518855772211001209e+00,-1.625550047281572574e+02,-7.330345094061331279e-01
1.136775067051569543e+01,-3.574990083744319236e+01,1.539575356108803472e+00,-1.626267027410900425e+02,-7.470568180132736158e-01
1.138701804453351762e+01,-3.571960306599292778e+01,1.560112655490316413e+00,-1.627050017271683657e+02,-7.613645488537745809e-01
1.140628541855134159e+01,-3.568608413012071878e+01,1.580451313244267020e+00,-1.627907023769585351e+02,-7.756890941709031484e-01
1.142555279256916378e+01,-3.564946029509428627e+01,1.600575988652436221e+00,-1.628833569333616538e+02,-7.897479942228060601e-01
1.144482016658698775e+01,-3.560985465020482366e+01,1.620472434486915025e+00,-1.629813387173249168e+02,-8.033176533164382294e-01
1.146408754060480994e+01,-3.556739616722946096e+01,1.640127568506225320e+00,-1.630822159917312320e+02,-8.162952301884996986e-01
1.148335491462263569e+01,-3.552221857226621182e+01,1.659529527356913947e+00,-1.631833604102767197e+02,-8.287332908548689092e-01
1.150262228864045788e+01,-3.547445909628217464e+01,1.678667692637942688e+00,-1.632826514691931266e+02,-8.408355684919197603e-01
1.152188966265828185e+01,-3.542425721000718397e+01,1.697532683818470778e+00,-1.633790917980647066e+02,-8.529113720504029050e-01
1.154115703667610404e+01,-3.537175346120586994e+01,1.716116319413820701e+00,-1.634731511663589174e+02,-8.652982348086351028e-01
1.156042441069392801e+01,-3.531708851275810446e+01,1.734411554381138254e+00,-1.635667239275057057e+02,-8.782731044266979259e-01
1.157969178471175020e+01,-3.526040243367404514e+01,1.752412406194405525e+00,-1.636626980743103843e+02,-8.919769088827143033e-01
1.159895915872957417e+01,-3.520183423530308175e+01,1.770113883194947890e+00,-1.637642494877737533e+02,-9.063734741039598530e-01
1.161822653274739636e+01,-3.514152158867393894e+01,1.787511926264302664e+00,-1.638740476474548302e+02,-9.212535466180843402e-01
1.163749390676522033e+01,-3.507960062217496500e+01,1.804603369378585898e+00,-1.639935714755624474e+02,-9.362826791725106235e-01
1.165676128078304252e+01,-3.501620569197896771e+01,1.821385917773043817e+00,-1.641226986676318802e+02,-9.510818270601530955e-01
1.167602865480086649e+01,-3.495146904235774343e+01,1.837858136249717944e+00,-1.642596718440671850e+02,-9.653229462353226653e-01
1.169529602881868868e+01,-3.488552032181812024e+01,1.854019436382655206e+00,-1.644014730100162183e+02,-9.788181725660232146e-01
1.171456340283651265e+01,-3.481848597941966261e+01,1.869870051087953566e+00,-1.645445534934559362e+02,-9.915801819023123409e-01
1.173383077685433662e+01,-3.475048861660144439e+01,1.885410988289050627e+00,-1.646857706227816323e+02,-1.003834656255858881e+00
1.175309815087216059e+01,-3.468164639849989328e+01,1.900643961255496617e+00,-1.648232963956573371e+02,-1.015975595642193641e+00
1.177236552488998278e+01,-3.461207262672805030e+01,1.915571299919518911e+00,-1.649572312461566810e+02,-1.028470259250543251e+00
1.179163289890780675e+01,-3.454187554341750399e+01,1.930195853126870142e+00,-1.650897168157905810e+02,-1.041737770212862735e+00
1.181090027292562894e+01,-3.447115838316148029e+01,1.944520894718048787e+00,-1.652244899515003169e+02,-1.056035786082068828e+00
1.183016764694345291e+01,-3.440001963049955691e+01,1.958550045705308662e+00,-1.653659951622580309e+02,-1.071387558502001180e+00
1.184943502096127510e+01,-3.432855339255449678e+01,1.972287220772136696e+00,-1.655182967660653048e+02,-1.087568629567132072e+00
1.186870239497909907e+01,-3.425684977303309608e+01,1.985736601008400992e+00,-1.656840652808604659e+02,-1.104155414837380444e+00
1.188796976899692126e+01,-3.418499514169478459e+01,1.998902627983956570e+00,-1.658638717633164674e+02,-1.120623870281156842e+00
1.190723714301474523e+01,-3.411307223036165226e+01,2.011790008873746594e+00,-1.660559511991554302e+02,-1.136477587801979494e+00
1.192650451703256742e+01,-3.404116004216027136e+01,2.024403719892172937e+00,-1.662565174380897872e+02,-1.151379217671542055e+00
1.194577189105039139e+01,-3.396933361926731720e+01,2.036748996458035865e+00,-1.664606202765235139e+02,-1.165255233013788860e+00
1.196503926506821358e+01,-3.389766375947918675e+01,2.048831302956477529e+00,-1.666634101298415942e+02,-1.178343441429664740e+00
1.198430663908603933e+01,-3.382621679077064414e+01,2.060656281431083592e+00,-1.668615255771411796e+02,-1.191160534508930224e+00
1.200357401310386152e+01,-3.375505450036527577e+01,2.072229685199554083e+00,-1.670542073653761292e+02,-1.204387217958822420e+00
1.202284138712168549e+01,-3.368423427427755712e+01,2.083557308358932936e+00,-1.672437610606661735e+02,-1.218696884667735292e+00
1.204210876113950768e+01,-3.361380944621680555e+01,2.094644924023730148e+00,-1.674351787422054940e+02,-1.234576917659342632e+00
1.206137613515733165e+01,-3.354382979722058167e+01,2.105498242382497942e+00,-1.676350134599818489e+02,-1.252195761917903827e+00
1.208064350917515384e+01,-3.347434210562551016e+01,2.116122894744660421e+00,-1.678498320081924646e+02,-1.271351827366515419e+00
1.209991088319297781e+01,-3.340539063281649135e+01,2.126524443044993884e+00,-1.680846510286623925e+02,-1.291513580417724238e+00
1.211917825721080000e+01,-3.333701744776622888e+01,2.136708407649282826e+00,-1.683417037841947490e+02,-1.311938170409915116e+00
1.213844563122862397e+01,-3.326926253795528510e+01,2.146680301618025588e+00,-1.686197792710163696e+02,-1.331844371134867089e+00
1.215771300524644616e+01,-3.320216371354543128e+01,2.156445658157502887e+00,-1.689142908367593066e+02,-1.350610127549236372e+00
1.217698037926427013e+01,-3.313575636919453871e+01,2.166010040237169587e+00,-1.692181615784828352e+02,-1.367958229933986969e+00
1.219624775328209232e+01,-3.307007320758881974e+01,2.175379026672002336e+00,-1.695234906849332503e+02,-1.384084077750606934e+00
1.221551512729991806e+01,-3.300514403945533104e+01,2.184558175891573306e+00,-1.698237322056128846e+02,-1.399676155282567169e+00
1.223478250131774026e+01,-3.294099575335334862e+01,2.193552975222163415e+00,-1.701158261193245664e+02,-1.415797862532562457e+00
1.225404987533556422e+01,-3.287765250071385026e+01,2.202368787949286144e+00,-1.704015610476990901e+02,-1.433644640117393232e+00
1.227331724935338642e+01,-3.281513608056933151e+01,2.211010811450766056e+00,-1.706876186928720358e+02,-1.454244509991029943e+00
1.229258462337121038e+01,-3.275346645112824717e+01,2.219484056983014320e+00,-1.709842353682927296e+02,-1.478197923390797142e+00
1.231185199738903258e+01,-3.269266225782814672e+01,2.227793355989255097e+00,-1.713029278793480614e+02,-1.505533873147559154e+00
1.233111937140685654e+01,-3.263274126040919043e+01,2.235943390645301676e+00,-1.716539601813278466e+02,-1.535709835477745200e+00
