Frequency (GHz), Wave Refl (dB), Wave Refl (rad), Wave Trans (dB), Wave Trans (rad)
9.248339430549972207e-01,-1.234921902824379636e+01,-1.941176340625832664e+00,-2.605234482333023682e-01,2.897215798740923276e+00
9.441013168686430701e-01,-1.218533383658872715e+01,-1.948582740232206234e+00,-2.708602956549933660e-01,2.892433812854307895e+00
9.633686906822888085e-01,-1.202533654120475504e+01,-1.955971495725267850e+00,-2.813609172239535106e-01,2.887669698795742423e+00
9.826360644959346580e-01,-1.186908073449094658e+01,-1.963342131083982034e+00,-2.920220689627678889e-01,2.882923681559423024e+00
1.001903438309580396e+00,-1.171642742727625830e+01,-1.970694247610652150e+00,-3.028406123736951394e-01,2.878195949850000712e+00
1.021170812123226135e+00,-1.156724487390653522e+01,-1.978027560544102892e+00,-3.138136199760037659e-01,2.873486668359911178e+00
1.040438185936871873e+00,-1.142140852280075691e+01,-1.985341903879879188e+00,-3.249384113178797051e-01,2.868795993802944810e+00
1.059705559750517834e+00,-1.127880094355531071e+01,-1.992637205592057814e+00,-3.362125153032636815e-01,2.864124090188145288e+00
1.078972933564163350e+00,-1.113931161710434203e+01,-1.999913442779940764e+00,-3.476335743913377407e-01,2.859471139337761869e+00
1.098240307377809311e+00,-1.100283653454663479e+01,-2.007170590412780342e+00,-3.591992204999667204e-01,2.854837344186851755e+00
1.117507681191455049e+00,-1.086927761587937624e+01,-2.014408577589176907e+00,-3.709069578993012817e-01,2.850222924480529940e+00
1.136775055005100787e+00,-1.073854201490893701e+01,-2.021627261891863814e+00,-3.827540841683029216e-01,2.845628106526363776e+00
1.156042428818746526e+00,-1.061054140822409941e+01,-2.028826426702297070e+00,-3.947376681389230813e-01,2.841053110129621917e+00
1.175309802632392486e+00,-1.048519136863909651e+01,-2.036005799930004301e+00,-4.068545873772383414e-01,2.836498136387038294e+00
1.194577176446038225e+00,-1.036241089917333547e+01,-2.043165087212871711e+00,-4.191016117351544779e-01,2.831963359553800963e+00
1.213844550259683741e+00,-1.024212216127559039e+01,-2.050304009544484884e+00,-4.314755080613502658e-01,2.827448924912832062e+00
1.233111924073329702e+00,-1.012425038324022708e+01,-2.057422335066264374e+00,-4.439731370384506492e-01,2.822954952855667887e+00
1.252379297886975440e+00,-1.000872389444526611e+01,-2.064519897219390998e+00,-4.565915169683337216e-01,2.818481547712456958e+00
1.271646671700621178e+00,-9.895474207948836920e+00,-2.071596595711153732e+00,-4.693278396644108286e-01,2.814028808685766769e+00
1.290914045514266917e+00,-9.784436072607945789e+00,-2.078652381553487860e+00,-4.821794373035329095e-01,2.809596839835158288e+00
1.310181419327912877e+00,-9.675547434742936659e+00,-2.085687231488230875e+00,-4.951437123022393028e-01,2.805185756490973681e+00
1.329448793141558616e+00,-9.568749281883368596e+00,-2.092701119436505941e+00,-5.082180515180385605e-01,2.800795686584089061e+00
1.348716166955204354e+00,-9.463985377735035343e+00,-2.099693992741896942e+00,-5.213997490916673083e-01,2.796426766830120592e+00
1.367983540768850093e+00,-9.361201928374104142e+00,-2.106665759066856936e+00,-5.346859585762155920e-01,2.792079135094929665e+00
1.387250914582495831e+00,-9.260347237259377806e+00,-2.113616286514851783e+00,-5.480736859860600996e-01,2.787752921225234992e+00
1.406518288396141791e+00,-9.161371407472064021e+00,-2.120545415856709415e+00,-5.615598237413907956e-01,2.783448238920398055e+00
1.425785662209787308e+00,-9.064226134797685575e+00,-2.127452980636493685e+00,-5.751412144469838506e-01,2.779165180805435398e+00
1.445053036023433268e+00,-8.968864609983105751e+00,-2.134338829185467024e+00,-5.888147259571939740e-01,2.774903817889442514e+00
1.464320409837079007e+00,-8.875241520196192724e+00,-2.141202842533990847e+00,-6.025773170727309891e-01,2.770664203348571331e+00
1.483587783650724967e+00,-8.783313116060702086e+00,-2.148044943759173098e+00,-6.164260767846467814e-01,2.766446379406878986e+00
1.502855157464370484e+00,-8.693037297509881967e+00,-2.154865096913391564e+00,-6.303582279837434132e-01,2.762250385311628698e+00
1.522122531278016222e+00,-8.604373671775681132e+00,-2.161663296580308646e+00,-6.443710966167399690e-01,2.758076264202074857e+00
1.541389905091662182e+00,-8.517283549120083563e+00,-2.168439551514873109e+00,-6.584620565810141990e-01,2.753924067077772264e+00
1.560657278905307699e+00,-8.431729862300532119e+00,-2.175193867142554804e+00,-6.726284667311970278e-01,2.749793852945265016e+00
1.579924652718953659e+00,-8.347677018284944239e+00,-2.181926231651437842e+00,-6.868676177330730326e-01,2.745685685303053791e+00
1.599192026532599398e+00,-8.265090709299045102e+00,-2.188636609116763498e+00,-7.011767029938678064e-01,2.741599626112175336e+00
1.618459400346245358e+00,-8.183937720274215621e+00,-2.195324940981615125e+00,-7.155528206949592906e-01,2.737535729030715181e+00
1.637726774159890875e+00,-8.104185769127678185e+00,-2.201991154897316783e+00,-7.299930051700229683e-01,2.733494033810507151e+00
1.656994147973536835e+00,-8.025803405957024239e+00,-2.208635178031624680e+00,-7.444942779587325754e-01,2.729474563353456062e+00
1.676261521787182573e+00,-7.948759980578261164e+00,-2.215256950955944770e+00,-7.590537039292227783e-01,2.725477324135011425e+00
1.695528895600828312e+00,-7.873025669732919063e+00,-2.221856438328722039e+00,-7.736684371116570036e-01,2.721502309754500804e+00
1.714796269414474050e+00,-7.798571540645903077e+00,-2.228433633699353766e+00,-7.883357443435405898e-01,2.717549506530367420e+00
1.734063643228119789e+00,-7.725369620102443768e+00,-2.234988557505279694e+00,-8.030530013767291919e-01,2.713618899546894614e+00
1.753331017041765749e+00,-7.653392939371332915e+00,-2.241521249217353962e+00,-8.178176638274169408e-01,2.709710477502856651e+00
1.772598390855411488e+00,-7.582615534269572244e+00,-2.248031756095237199e+00,-8.326272221120005756e-01,2.705824235108079456e+00
1.791865764669057226e+00,-7.513012393559254321e+00,-2.254520121767550567e+00,-8.474791535043402213e-01,2.701960172495057488e+00
1.811133138482702964e+00,-7.444559363676674479e+00,-2.260986377697310701e+00,-8.623708846985450593e-01,2.698118291949991754e+00
1.830400512296348703e+00,-7.377233029509088880e+00,-2.267430539629213371e+00,-8.772997748481847768e-01,2.694298592988307206e+00
1.849667886109994441e+00,-7.311010596618475077e+00,-2.273852609648898682e+00,-8.922631230525535084e-01,2.690501067212021091e+00
1.868935259923640180e+00,-7.245869798813830087e+00,-2.280252582938029349e+00,-9.072581974105000668e-01,2.686725694389950014e+00
1.888202633737286140e+00,-7.181788847127701381e+00,-2.286630457101298308e+00,-9.222822769635387052e-01,2.682972440811429493e+00
1.907470007550931879e+00,-7.118746424540509210e+00,-2.292986241375448486e+00,-9.373326946453486297e-01,2.679241260301547189e+00
1.926737381364577617e+00,-7.056721718582203984e+00,-2.299319963219879082e+00,-9.524068695210776703e-01,2.675532097542121068e+00
1.946004755178223355e+00,-6.995694474530164797e+00,-2.305631670638564668e+00,-9.675023199658773221e-01,2.671844892723933107e+00
1.965272128991869316e+00,-6.935645047677533093e+00,-2.311921429827836771e+00,-9.826166549601094147e-01,2.668179586226596456e+00
1.984539502805515054e+00,-6.876554434913046521e+00,-2.318189319027569084e+00,-9.977475467779234330e-01,2.664536122062256318e+00
2.003806876619160793e+00,-6.818404272819412526e+00,-2.324435420427930055e+00,-1.012892693327579696e+00,2.660914449203962473e+00
2.023074250432806309e+00,-6.761176799502751855e+00,-2.330659812405579512e+00,-1.028049780942934976e+00,2.657314520531383728e+00
2.042341624246452270e+00,-6.704854787553870210e+00,-2.336862564149172705e+00,-1.043216457915711937e+00,2.653736289790089131e+00
2.061608998060098230e+00,-6.649421463165654522e+00,-2.343043733976753806e+00,-1.058390325744095195e+00,2.650179707492342107e+00
2.080876371873743746e+00,-6.594860429578140781e+00,-2.349203371580129041e+00,-1.073568949959592622e+00,2.646644716946084497e+00
2.100143745687389707e+00,-6.541155611088412591e+00,-2.355341523357674660e+00,-1.088749886943761069e+00,2.643131251522972569e+00
2.119411119501035667e+00,-6.488291227638407932e+00,-2.361458239206624565e+00,-1.103930718865697047e+00,2.639639233897983051e+00
2.138678493314681184e+00,-6.436251801383248150e+00,-2.367553578836666617e+00,-1.119109086894875871e+00,2.636168577426208248e+00
2.157945867128326700e+00,-6.385022188091476814e+00,-2.373627615896925391e+00,-1.134282713638484097e+00,2.632719189228740042e+00
2.177213240941972661e+00,-6.334587620039393130e+00,-2.379680438888124971e+00,-1.149449409008828082e+00,2.629290974102898470e+00
2.196480614755618621e+00,-6.284933744783609555e+00,-2.385712148754611128e+00,-1.164607058470956691e+00,2.625883838173415086e+00
2.215747988569264582e+00,-6.236046646245957170e+00,-2.391722853955683625e+00,-1.179753597502310125e+00,2.622497691306893586e+00
2.235015362382910098e+00,-6.187912840153254379e+00,-2.397712664458949483e+00,-1.194886979769468560e+00,2.619132447683188314e+00
2.254282736196555614e+00,-6.140519243350004430e+00,-2.403681686319554700e+00,-1.210005148019611676e+00,2.615788024443933324e+00
2.273550110010201575e+00,-6.093853123734441546e+00,-2.409630018269108831e+00,-1.225106015654046088e+00,2.612464338870668534e+00
2.292817483823847091e+00,-6.047902042614712315e+00,-2.415557751124333574e+00,-1.240187463758236186e+00,2.609161304936322257e+00
2.312084857637493052e+00,-6.002653802884367451e+00,-2.421464970021906193e+00,-1.255247353951743694e+00,2.605878830220799802e+00
2.331352231451139012e+00,-5.958096414306902844e+00,-2.427351758719007435e+00,-1.270283553043146663e+00,2.602616814051018856e+00
2.350619605264784973e+00,-5.914218082124600429e+00,-2.433218204674546303e+00,-1.285293962333098561e+00,2.599375147362071203e+00
2.369886979078430489e+00,-5.871007218680914796e+00,-2.439064403474338061e+00,-1.300276543332870460e+00,2.596153714286294711e+00
2.389154352892076449e+00,-5.828452471601988982e+00,-2.444890461408446569e+00,-1.315229332891262093e+00,2.592952394999538335e+00
2.408421726705721966e+00,-5.786542757968071271e+00,-2.450696495565749977e+00,-1.330150443846004560e+00,2.589771069020027738e+00
2.427689100519367482e+00,-5.745267292841143458e+00,-2.456482631514529835e+00,-1.345038051421474812e+00,2.586609618052839732e+00
2.446956474333013443e+00,-5.704615602651690764e+00,-2.462248999291131835e+00,-1.359890369523047093e+00,2.583467927623829041e+00
2.466223848146659403e+00,-5.664577518562382785e+00,-2.467995728846812398e+00,-1.374705623751545147e+00,2.580345887102155622e+00
2.485491221960305364e+00,-5.625143150658477254e+00,-2.473722946199675921e+00,-1.389482028676300107e+00,2.577243388166709614e+00
2.504758595773950880e+00,-5.586302849060790443e+00,-2.479430771292556734e+00,-1.404217775519205569e+00,2.574160322200087059e+00
2.524025969587596840e+00,-5.548047161415151862e+00,-2.485119318050478476e+00,-1.418911033353945639e+00,2.571096577376877690e+00
2.543293343401242357e+00,-5.510366796854031080e+00,-2.490788696511923472e+00,-1.433559963101372903e+00,2.568052036276671224e+00
2.562560717214888317e+00,-5.473252604393424647e+00,-2.496439016349453865e+00,-1.448162740078852151e+00,2.565026574684638128e+00
2.581828091028533834e+00,-5.436695569519560678e+00,-2.502070390746281348e+00,-1.462717578604762814e+00,2.562020061896180145e+00
2.601095464842179794e+00,-5.400686827664483936e+00,-2.507682939542087208e+00,-1.477222751757837571e+00,2.559032362417372308e+00
2.620362838655825755e+00,-5.365217688777233818e+00,-2.513276790805809124e+00,-1.491676600908892425e+00,2.556063338569047438e+00
2.639630212469471271e+00,-5.330279664463212441e+00,-2.518852080456493781e+00,-1.506077532609743974e+00,2.553112853264520421e+00
2.658897586283117231e+00,-5.295864488860382302e+00,-2.524408950100782700e+00,-1.520424003984665928e+00,2.550180772201079638e+00
2.678164960096763192e+00,-5.261964126529926844e+00,-2.529947543734968551e+00,-1.534714500923253455e+00,2.547266964886533369e+00
2.697432333910408708e+00,-5.228570764490560130e+00,-2.535468004243266016e+00,-1.548947515259450292e+00,2.544371304258901567e+00
2.716699707724054225e+00,-5.195676790002941026e+00,-2.540970470642766710e+00,-1.563121527247799403e+00,2.541493665052819040e+00
2.735967081537700185e+00,-5.163274759571731209e+00,-2.546455076784847726e+00,-1.577234998024876544e+00,2.538633921409453542e+00
2.755234455351346146e+00,-5.131357366851753810e+00,-2.551921951798296728e+00,-1.591286373860923753e+00,2.535791944424122146e+00
2.774501829164991662e+00,-5.099917417182498802e+00,-2.557371222073744121e+00,-1.605274100693931949e+00,2.532967600326086366e+00
2.793769202978637622e+00,-5.068947814406241648e+00,-2.562803014176645799e+00,-1.619196644621614833e+00,2.530160749792957464e+00
2.813036576792283583e+00,-5.038441562093083803e+00,-2.568217457846435625e+00,-1.633052512475316576e+00,2.527371248575325247e+00
2.832303950605929099e+00,-5.008391777318599303e+00,-2.573614688248006210e+00,-1.646840266712966683e+00,2.524598949239444501e+00
2.851571324419574616e+00,-4.978791711815699905e+00,-2.578994846877191716e+00,-1.660558530576502712e+00,2.521843703529752734e+00
2.870838698233220576e+00,-4.949634773532214815e+00,-2.584358080911601796e+00,-1.674205982252213953e+00,2.519105364692145521e+00
2.890106072046866537e+00,-4.920914541800130770e+00,-2.589704541230402945e+00,-1.687781339852505669e+00,2.516383789124458925e+00
2.909373445860512053e+00,-4.892624771341250955e+00,-2.595034379681999681e+00,-1.701283341543341709e+00,2.513678836921323434e+00
2.928640819674158013e+00,-4.864759383580524066e+00,-2.600347746363179446e+00,-1.714710726392635332e+00,2.510990371196837767e+00
2.947908193487803974e+00,-4.837312447283450112e+00,-2.605644787643054627e+00,-1.728062221190912684e+00,2.508318256410169145e+00
2.967175567301449934e+00,-4.810278153401422507e+00,-2.610925645435929088e+00,-1.741336536721978856e+00,2.505662356190901274e+00
2.986442941115095007e+00,-4.783650790441797085e+00,-2.616190457868690089e+00,-1.754532374260573846e+00,2.503022531288873864e+00
3.005710314928740967e+00,-4.757424726337621479e+00,-2.621439361102667398e+00,-1.767648440215895400e+00,2.500398638225038273e+00
3.024977688742386928e+00,-4.731594400831673042e+00,-2.626672491763182737e+00,-1.780683464620439693e+00,2.497790529012565486e+00
3.044245062556032444e+00,-4.706154329400175307e+00,-2.631889989283096032e+00,-1.793636218185014730e+00,2.495198052012030931e+00
3.063512436369678404e+00,-4.681099116574825914e+00,-2.637091997514071640e+00,-1.806505523149047887e+00,2.492621053667720243e+00
3.082779810183324365e+00,-4.656423474046078148e+00,-2.642278665181444719e+00,-1.819290254978194188e+00,2.490059380632165809e+00
3.102047183996970325e+00,-4.632122237797876352e+00,-2.647450145089011997e+00,-1.831989334565683469e+00,2.487512881687925947e+00
3.121314557810615398e+00,-4.608190378998188841e+00,-2.652606592325010837e+00,-1.844601713240992868e+00,2.484981408943734760e+00
3.140581931624261358e+00,-4.584623005267600249e+00,-2.657748161985493240e+00,-1.857126354843070759e+00,2.482464817994178841e+00
3.159849305437907319e+00,-4.561415351705432997e+00,-2.662875007046566544e+00,-1.869562219846910844e+00,2.479962967026269727e+00
3.179116679251553279e+00,-4.538562763889156138e+00,-2.667987276956071074e+00,-1.881908255862664969e+00,2.477475715149282554e+00
3.198384053065198795e+00,-4.516060677201893192e+00,-2.673085117300503022e+00,-1.894163396969401836e+00,2.475002920434668408e+00
3.217651426878844756e+00,-4.493904597723562766e+00,-2.678168670597934398e+00,-1.906326571840068818e+00,2.472544438223863494e+00
3.236918800692490716e+00,-4.472090089343319086e+00,-2.683238077958427059e+00,-1.918396718168962067e+00,2.470100120176323522e+00
3.256186174506136233e+00,-4.450612769918879330e+00,-2.688293481124551576e+00,-1.930372799206816259e+00,2.467669814314939369e+00
3.275453548319781749e+00,-4.429468316760658553e+00,-2.693335024315974380e+00,-1.942253817701311336e+00,2.465253366043326899e+00
3.294720922133427710e+00,-4.408652479173763794e+00,-2.698362855373552804e+00,-1.954038823351226473e+00,2.462850619839255906e+00
3.313988295947073670e+00,-4.388161093942690272e+00,-2.703377125905503053e+00,-1.965726911760591111e+00,2.460461421145560212e+00
3.333255669760719186e+00,-4.367990098975475632e+00,-2.708377990420288484e+00,-1.977317215282796470e+00,2.458085617933494671e+00
3.352523043574365147e+00,-4.348135540982828395e+00,-2.713365604708678269e+00,-1.988808888396049523e+00,2.455723061514110572e+00
3.371790417388011107e+00,-4.328593574833245583e+00,-2.718340123935175878e+00,-2.000201091726833802e+00,2.453373606390127915e+00
3.391057791201656624e+00,-4.309360454582890299e+00,-2.723301700965204741e+00,-2.011492979140930171e+00,2.451037109211548159e+00
3.410325165015302140e+00,-4.290432518467506284e+00,-2.728250485374764889e+00,-2.022683691388847294e+00,2.448713427146602228e+00
3.429592538828948101e+00,-4.271806171740080593e+00,-2.733186623389870284e+00,-2.033772357905148542e+00,2.446402416136843172e+00
3.448859912642594061e+00,-4.253477871726606629e+00,-2.738110258741797143e+00,-2.044758106061908443e+00,2.444103929529082286e+00
3.468127286456239577e+00,-4.235444118751566123e+00,-2.743021534174181486e+00,-2.055640075111504039e+00,2.441817817463164619e+00
3.487394660269885538e+00,-4.217701454885861345e+00,-2.747920593167251013e+00,-2.066417430795222554e+00,2.439543927177241223e+00
3.506662034083531498e+00,-4.200246470284890954e+00,-2.752807581397326953e+00,-2.077089376477057492e+00,2.437282104133550842e+00
3.525929407897177015e+00,-4.183075814823132177e+00,-2.757682647535639742e+00,-2.087655157701275410e+00,2.435032193640465081e+00
3.545196781710822975e+00,-4.166186211354070856e+00,-2.762545943182261432e+00,-2.098114058957571526e+00,2.432794042513442001e+00
3.564464155524468492e+00,-4.149574466587868216e+00,-2.767397621973318955e+00,-2.108465393631187901e+00,2.430567500314103846e+00
3.583731529338114452e+00,-4.133237476346919514e+00,-2.772237838125001463e+00,-2.118708490000065225e+00,2.428352419831677711e+00
3.602998903151759968e+00,-4.117172223592652891e+00,-2.777066744825148259e+00,-2.128842677197370747e+00,2.426148656687630023e+00
3.622266276965405929e+00,-4.101375769645453140e+00,-2.781884492914206142e+00,-2.138867275005146951e+00,2.423956068190629143e+00
3.641533650779051889e+00,-4.085845240879165452e+00,-2.786691230206767678e+00,-2.148781590214680737e+00,2.421774511775905303e+00
3.660801024592697406e+00,-4.070577814358646407e+00,-2.791487101620619082e+00,-2.158584920415097308e+00,2.419603843473551397e+00
3.680068398406343366e+00,-4.055570706096468747e+00,-2.796272250055083397e+00,-2.168276563986245353e+00,2.417443916835155360e+00
3.699335772219988883e+00,-4.040821164801547738e+00,-2.801046817756978502e+00,-2.177855833360881288e+00,2.415294582613415120e+00
3.718603146033634843e+00,-4.026326472424143432e+00,-2.805810947785791321e+00,-2.187322067754830179e+00,2.413155689274667726e+00
3.737870519847280359e+00,-4.012083950915395825e+00,-2.810564785172342539e+00,-2.196674641771275027e+00,2.411027084190459302e+00
3.757137893660926320e+00,-3.998090972939957410e+00,-2.815308477459290692e+00,-2.205912967491900911e+00,2.408908615167034029e+00
3.776405267474572280e+00,-3.984344973259981604e+00,-2.820042174488794906e+00,-2.215036489522148599e+00,2.406800131882347316e+00
3.795672641288218241e+00,-3.970843457411163957e+00,-2.824766027512143118e+00,-2.224044674432884339e+00,2.404701486832337309e+00
3.814940015101863757e+00,-3.957584005120469595e+00,-2.829480187880073050e+00,-2.232936997584380023e+00,2.402612535531015947e+00
3.834207388915509718e+00,-3.944564267421735160e+00,-2.834184805681251529e+00,-2.241712931005679810e+00,2.400533135920895678e+00
3.853474762729155234e+00,-3.931781958181292502e+00,-2.838880028701987968e+00,-2.250371935654724709e+00,2.398463147171293386e+00
3.872742136542800750e+00,-3.919234842265591379e+00,-2.843566001983674152e+00,-2.258913460113650018e+00,2.396402428210305136e+00
3.892009510356446711e+00,-3.906920723456183797e+00,-2.848242868084456259e+00,-2.267336945947473481e+00,2.394350836405542360e+00
3.911276884170092671e+00,-3.894837435220972033e+00,-2.852910767956420290e+00,-2.275641838090584734e+00,2.392308226761156842e+00
3.930544257983738632e+00,-3.882982836603120269e+00,-2.857569842183119935e+00,-2.283827597244743490e+00,2.390274451849152104e+00
3.949811631797384148e+00,-3.871354814041694681e+00,-2.862220232229366612e+00,-2.291893710753166946e+00,2.388249362484697880e+00
3.969079005611030109e+00,-3.859951288300462302e+00,-2.866862081359662362e+00,-2.299839698890831396e+00,2.386232808947041040e+00
3.988346379424676069e+00,-3.848770224304638443e+00,-2.871495534980028630e+00,-2.307665114834682285e+00,2.384224642397790195e+00
4.007613753238321586e+00,-3.837809640941503009e+00,-2.876120740321352898e+00,-2.315369538368236668e+00,2.382224716097831596e+00
4.026881127051967546e+00,-3.827067617958024304e+00,-2.880737845564614652e+00,-2.322952565125923741e+00,2.380232886085734023e+00
4.046148500865612618e+00,-3.816542297949520268e+00,-2.885346998659229723e+00,-2.330413794406232419e+00,2.378249011135429747e+00
4.065415874679258579e+00,-3.806231882824650192e+00,-2.889948346164662230e+00,-2.337752818942987698e+00,2.376272952014791162e+00
4.084683248492904539e+00,-3.796134625662706874e+00,-2.894542032432360745e+00,-2.344969219433215457e+00,2.374304570261817737e+00
4.103950622306550500e+00,-3.786248820127357639e+00,-2.899128199345414547e+00,-2.352062565254068982e+00,2.372343726827132571e+00
4.123217996120196460e+00,-3.776572790231256693e+00,-2.903706986676217294e+00,-2.359032421053037787e+00,2.370390280964325136e+00
4.142485369933841532e+00,-3.767104883098330692e+00,-2.908278532951928952e+00,-2.365878357257797937e+00,2.368444089675424191e+00
4.161752743747487493e+00,-3.757843466501124219e+00,-2.912842976580631404e+00,-2.372599961480936326e+00,2.366505007859577958e+00
4.181020117561133453e+00,-3.748786931611592266e+00,-2.917400456924483354e+00,-2.379196847583253227e+00,2.364572889114415322e+00
4.200287491374779414e+00,-3.739933699970502623e+00,-2.921951115026800938e+00,-2.385668659854708995e+00,2.362647586957546064e+00
4.219554865188425374e+00,-3.731282232547225686e+00,-2.926495093800426162e+00,-2.392015071169918627e+00,2.360728956120915267e+00
4.238822239002071335e+00,-3.722831038232405021e+00,-2.931032537636073521e+00,-2.398235775675177983e+00,2.358816853554498660e+00
4.258089612815716407e+00,-3.714578679314230136e+00,-2.935563591549089413e+00,-2.404330478088070322e+00,2.356911138861465194e+00
4.277356986629362368e+00,-3.706523772363992109e+00,-2.940088400107502498e+00,-2.410298882614217320e+00,2.355011674049253489e+00
4.296624360443008328e+00,-3.698664984246795129e+00,-2.944607106439823596e+00,-2.416140684558068852e+00,2.353118322673737328e+00
4.315891734256653400e+00,-3.691001024317946300e+00,-2.949119851593968278e+00,-2.421855566915364744e+00,2.351230948622523353e+00
4.335159108070300249e+00,-3.683530634895802347e+00,-2.953626774417702716e+00,-2.427443202814880241e+00,2.349349414881507503e+00
4.354426481883945321e+00,-3.676252582541424729e+00,-2.958128011985156292e+00,-2.432903263030779417e+00,2.347473582629466815e+00
4.373693855697590394e+00,-3.669165652414283496e+00,-2.962623700443874242e+00,-2.438235426377257653e+00,2.345603310909676775e+00
4.392961229511237242e+00,-3.662268647094779617e+00,-2.967113976043781687e+00,-2.443439390015980539e+00,2.343738456963168293e+00
4.412228603324882314e+00,-3.655560390019920725e+00,-2.971598976063551500e+00,-2.448514876765250925e+00,2.341878877122023361e+00
4.431495977138529163e+00,-3.649039732414343540e+00,-2.976078839382730212e+00,-2.453461637372304605e+00,2.340024428005449408e+00
4.450763350952174235e+00,-3.642705561661641500e+00,-2.980553706549201376e+00,-2.458279447143392638e+00,2.338174967679392591e+00
4.470030724765820196e+00,-3.636556808701828736e+00,-2.985023719332402514e+00,-2.462968097913354359e+00,2.336330356454354717e+00
4.489298098579466156e+00,-3.630592452348607058e+00,-2.989489019893910804e+00,-2.467527387631129887e+00,2.334490457100888872e+00
4.508565472393111229e+00,-3.624811519300523255e+00,-2.993949749809958316e+00,-2.471957110481421083e+00,2.332655134427627175e+00
4.527832846206757189e+00,-3.619213079822404033e+00,-2.998406049217514635e+00,-2.476257050281682304e+00,2.330824254345806423e+00
4.547100220020403150e+00,-3.613796240264544490e+00,-3.002858056317647240e+00,-2.480426978948154559e+00,2.328997682686670068e+00
4.566367593834049110e+00,-3.608560134439911415e+00,-3.007305907368453823e+00,-2.484466660386235759e+00,2.327175284104535447e+00
4.585634967647694182e+00,-3.603503916166496790e+00,-3.011749737163680329e+00,-2.488375858638212978e+00,2.325356921370786090e+00
4.604902341461341031e+00,-3.598626754932047866e+00,-3.016189679859972106e+00,-2.492154347941313741e+00,2.323542455251347505e+00
4.624169715274986103e+00,-3.593927835757118050e+00,-3.020625869922009432e+00,-2.495801921838528337e+00,2.321731744994710134e+00
4.643437089088632064e+00,-3.589406363168046621e+00,-3.025058442925644631e+00,-2.499318398779854622e+00,2.319924649286189133e+00
4.662704462902278024e+00,-3.585061568067814619e+00,-3.029487536001656434e+00,-2.502703622661409888e+00,2.318121027394886458e+00
4.681971836715923097e+00,-3.580892715515792801e+00,-3.033913287804304471e+00,-2.505957458184781217e+00,2.316320740188493321e+00
4.701239210529569945e+00,-3.576899111206819803e+00,-3.038335838020782553e+00,-2.509079782372485301e+00,2.314523650731314053e+00
4.720506584343215017e+00,-3.573080104827675463e+00,-3.042755326563543417e+00,-2.512070474640548223e+00,2.312729624300454478e+00
4.739773958156860978e+00,-3.569435089351524759e+00,-3.047171892672725591e+00,-2.514929408211056483e+00,2.310938527819811572e+00
4.759041331970506938e+00,-3.565963496460205384e+00,-3.051585674177837770e+00,-2.517656445246037933e+00,2.309150228874687016e+00
4.778308705784152899e+00,-3.562664789347381955e+00,-3.055996807121132974e+00,-2.520251437018585339e+00,2.307364594585889161e+00
4.797576079597797971e+00,-3.559538454862258394e+00,-3.060405425843438554e+00,-2.522714229013105491e+00,2.305581490658945132e+00
4.816843453411443932e+00,-3.556583997114558748e+00,-3.064811663505067951e+00,-2.525044669465935421e+00,2.303800780872007348e+00
4.836110827225089892e+00,-3.553800934238260378e+00,-3.069215652895287860e+00,-2.527242618907021399e+00,2.302022327140566649e+00
4.855378201038734964e+00,-3.551188799127906304e+00,-3.073617527306229391e+00,-2.529307958005202472e+00,2.300245990134063945e+00
4.874645574852381813e+00,-3.548747143863576703e+00,-3.078017421231855621e+00,-2.531240591520378391e+00,2.298471630264873333e+00
4.893912948666026885e+00,-3.546475546532868339e+00,-3.082415470703220528e+00,-2.533040447277862928e+00,2.296699108767278119e+00
4.913180322479673734e+00,-3.544373618515503921e+00,-3.086811813173127916e+00,-2.534707470486698977e+00,2.294928288561264740e+00
4.932447696293318806e+00,-3.542441010190842121e+00,-3.091206586987972127e+00,-2.536241615027818863e+00,2.293159034658962536e+00
4.951715070106963879e+00,-3.540677413484448977e+00,-3.095599930597606964e+00,-2.537642834174613338e+00,2.291391214001930798e+00
4.970982443920610727e+00,-3.539082560555864010e+00,-3.099991981724612433e+00,-2.538911073347484670e+00,2.289624694778127356e+00
4.990249817734255799e+00,-3.537656218998778801e+00,-3.104382876723425166e+00,-2.540046266912086459e+00,2.287859345412948553e+00
5.009517191547901760e+00,-3.536398184882125317e+00,-3.108772750305496935e+00,-2.541048339880047635e+00,2.286095033518582120e+00
5.028784565361547720e+00,-3.535308275544248868e+00,-3.113161735704505606e+00,-2.541917213988984070e+00,2.284331625095259888e+00
5.048051939175193681e+00,-3.534386324105660115e+00,-3.117549965234039266e+00,-2.542652816414343597e+00,2.282568984204901064e+00
5.067319312988838753e+00,-3.533632177178919864e+00,-3.121937571082717966e+00,-2.543255088641736883e+00,2.280806973203295840e+00
5.086586686802484714e+00,-3.533045696365377353e+00,-3.126324686127758490e+00,-2.543723993003603745e+00,2.279045453459515258e+00
5.105854060616130674e+00,-3.532626763084698585e+00,-3.130711444544662214e+00,-2.544059515059897691e+00,2.277284286355025777e+00
5.125121434429776635e+00,-3.532375285372684637e+00,-3.135097982048556720e+00,-2.544261661183826018e+00,2.275523334278098275e+00
5.144388808243422595e+00,-3.532291204754142822e+00,-3.139484435705246046e+00,-2.544330452065146631e+00,2.273762461332587304e+00
5.163656182057067667e+00,-3.532374501293375602e+00,3.139314363810739916e+00,-2.544265913984968819e+00,2.272001533562486575e+00
5.182923555870714516e+00,-3.532625195441949195e+00,3.134927664274407277e+00,-2.544068070328074249e+00,2.270240418631090051e+00
5.202190929684359588e+00,-3.533043346196384604e+00,3.130540635761671631e+00,-2.543736935714648872e+00,2.268478985047168273e+00
5.221458303498005549e+00,-3.533629046099191928e+00,3.126153142487344994e+00,-2.543272514380890303e+00,2.266717101157076364e+00
5.240725677311651509e+00,-3.534382414484180224e+00,3.121765050170038247e+00,-2.542674803233723857e+00,2.264954634185848192e+00
5.259993051125296581e+00,-3.535303590843381194e+00,3.117376225796059774e+00,-2.541943798690102341e+00,2.263191449594546878e+00
5.279260424938942542e+00,-3.536392730150412334e+00,3.112986537027813583e+00,-2.541079505355440027e+00,2.261427410930451298e+00
5.298527798752588502e+00,-3.537650001427668389e+00,3.108595851420116407e+00,-2.540081944093661726e+00,2.259662380207038357e+00
5.317795172566234463e+00,-3.539075589946675038e+00,3.104204035659853034e+00,-2.538951157229559108e+00,2.257896218701684443e+00
5.337062546379879535e+00,-3.540669702450086831e+00,3.099810955036787607e+00,-2.537687209445749659e+00,2.256128787942501823e+00
5.356329920193526384e+00,-3.542432573957027930e+00,3.095416473288644887e+00,-2.536290184155753469e+00,2.254359950604147400e+00
5.375597294007171456e+00,-3.544364474286166633e+00,3.091020452859742917e+00,-2.534760176407310883e+00,2.252589571059907758e+00
5.394864667820817417e+00,-3.546465712519774272e+00,3.086622755498362292e+00,-2.533097284337988420e+00,2.250817515435577842e+00
5.414132041634463377e+00,-3.548736638209172511e+00,3.082223243024964088e+00,-2.531301601599023066e+00,2.249043651151596102e+00
5.433399415448108449e+00,-3.551177639027683242e+00,3.077821778057036273e+00,-2.529373212876172339e+00,2.247267846083701670e+00
5.452666789261755298e+00,-3.553789135559628054e+00,3.073418224489094630e+00,-2.527312193753350478e+00,2.245489967578703450e+00
5.471934163075400370e+00,-3.556571574703554006e+00,3.069012447594651860e+00,-2.525118614937728712e+00,2.243709881601106737e+00
5.491201536889046331e+00,-3.559525423546957335e+00,3.064604313721653206e+00,-2.522792549640433979e+00,2.241927452247852504e+00
5.510468910702692291e+00,-3.562651165436423906e+00,3.060193689665105410e+00,-2.520334082028941491e+00,2.240142541763524342e+00
5.529736284516337363e+00,-3.565949299358500468e+00,3.055780441889414334e+00,-2.517743314379941477e+00,2.238355011046980092e+00
5.549003658329983324e+00,-3.569420342832790194e+00,3.051364435813941789e+00,-2.515020370941973837e+00,2.236564720502381753e+00
5.568271032143629284e+00,-3.573064837551758188e+00,3.046945535357323820e+00,-2.512165397454526161e+00,2.234771530991770838e+00
5.587538405957275245e+00,-3.576883356247815726e+00,3.042523602864256826e+00,-2.509178556497611456e+00,2.232975304619314372e+00
5.606805779770920317e+00,-3.580876508935662450e+00,3.038098499432668742e+00,-2.506060020017184531e+00,2.231175905126292047e+00
5.626073153584567166e+00,-3.585044946855846959e+00,3.033670085548674678e+00,-2.502809961157899110e+00,2.229373197786643779e+00
5.645340527398212238e+00,-3.589389363085779827e+00,3.029238221851941582e+00,-2.499428547717309712e+00,2.227567048833922758e+00
5.664607901211858199e+00,-3.593910489708473488e+00,3.024802769818382142e+00,-2.495915939067084643e+00,2.225757324582049002e+00
5.683875275025504159e+00,-3.598609092382206498e+00,3.020363592170240974e+00,-2.492272287402271136e+00,2.223943890487420028e+00
5.703142648839149231e+00,-3.603485963873933162e+00,3.015920552899151730e+00,-2.488497742958536652e+00,2.222126610415033010e+00
5.722410022652796080e+00,-3.608541918406371174e+00,3.011473516894800806e+00,-2.484592461724782986e+00,2.220305346312469119e+00
5.741677396466441152e+00,-3.613777788445094785e+00,3.007022349280807472e+00,-2.480556613485384698e+00,2.218479958379830030e+00
5.760944770280087113e+00,-3.619194424879638383e+00,3.002566914640315776e+00,-2.476390387946377114e+00,2.216650305683817823e+00
5.780212144093733073e+00,-3.624792700616525476e+00,2.998107076344223021e+00,-2.472093997251126662e+00,2.214816247039578023e+00
5.799479517907379034e+00,-3.630573516662273903e+00,2.993642696166613160e+00,-2.467667674216034168e+00,2.212977641909598336e+00
5.818746891721024106e+00,-3.636537809087990958e+00,2.989173634292582982e+00,-2.463111666824286505e+00,2.211134351065500603e+00
5.838014265534670066e+00,-3.642686555026334982e+00,2.984699749715202355e+00,-2.458426230566027826e+00,2.209286236826587313e+00
5.857281639348316027e+00,-3.649020776120835308e+00,2.980220900910758086e+00,-2.453611620811262384e+00,2.207433162809002258e+00
5.876549013161961987e+00,-3.655541538554284209e+00,2.975736946604390365e+00,-2.448668087382385394e+00,2.205574993257370053e+00
5.895816386975607948e+00,-3.662249949731710696e+00,2.971247746413113067e+00,-2.443595872864519070e+00,2.203711592147871379e+00
5.915083760789253020e+00,-3.669147152622173724e+00,2.966753161186942211e+00,-2.438395215133485117e+00,2.201842822315111636e+00
5.934351134602899869e+00,-3.676234319416073593e+00,2.962253052952244392e+00,-2.433066353393511960e+00,2.199968544847250573e+00
5.953618508416544941e+00,-3.683512646349525355e+00,2.957747284471454741e+00,-2.427609536033555226e+00,2.198088618917284354e+00
5.972885882230190013e+00,-3.690983351230424425e+00,2.953235718539619636e+00,-2.422025028108091949e+00,2.196202902094909870e+00
5.992153256043836862e+00,-3.698647674458297896e+00,2.948718217211383941e+00,-2.416313116365176317e+00,2.194311251048063127e+00
6.011420629857481934e+00,-3.706506883367106653e+00,2.944194641171759219e+00,-2.410474110444491114e+00,2.192413522434046413e+00
6.030688003671127895e+00,-3.714562278801933903e+00,2.939664849424714621e+00,-2.404508339952927454e+00,2.190509573727783987e+00
6.049955377484773855e+00,-3.722815202222100162e+00,2.935128699385996409e+00,-2.398416148287076499e+00,2.188599263753620239e+00
6.069222751298419816e+00,-3.731267041475916368e+00,2.930586047354833745e+00,-2.392197884984256895e+00,2.186682452771573359e+00
6.088490125112064888e+00,-3.739919233758630668e+00,2.926036749234078194e+00,-2.385853898790690319e+00,2.184759002095054914e+00
6.107757498925710848e+00,-3.748773265045285186e+00,2.921480661299087345e+00,-2.379384533425079162e+00,2.182828773349060558e+00
6.127024872739356809e+00,-3.757830666269103226e+00,2.916917640801530709e+00,-2.372790127249418290e+00,2.180891627578641856e+00
6.146292246553002769e+00,-3.767093007423647943e+00,2.912347546239407947e+00,-2.366071016954996331e+00,2.178947424458806292e+00
6.165559620366648730e+00,-3.776561891351177813e+00,2.907770237216611875e+00,-2.359227544241435215e+00,2.176996021827475314e+00
6.184826994180293802e+00,-3.786238949077272320e+00,2.903185573929101260e+00,-2.352260063628997422e+00,2.175037275671403147e+00
6.204094367993940651e+00,-3.796125838134150055e+00,2.898593416418564939e+00,-2.345168949233120248e+00,2.173071040566989964e+00
6.223361741807585723e+00,-3.806224244495054698e+00,2.893993623799736792e+00,-2.337954598631287961e+00,2.171097170449949321e+00
6.242629115621230795e+00,-3.816535887746379085e+00,2.889386053675820243e+00,-2.330617432778553599e+00,2.169115519495740330e+00
6.261896489434877644e+00,-3.827062528226632399e+00,2.884770561905297459e+00,-2.323157892044874995e+00,2.167125942862377919e+00
6.281163863248522716e+00,-3.837805974313265978e+00,2.880147002786640709e+00,-2.315576429539503600e+00,2.165128297086951203e+00
6.300431237062168677e+00,-3.848768087991992104e+00,2.875515229611765644e+00,-2.307873503647983160e+00,2.163122440025484927e+00
6.319698610875814637e+00,-3.859950787315145959e+00,2.870875095436330238e+00,-2.300049571922678115e+00,2.161108230354801041e+00
6.338965984689460598e+00,-3.871356045217281938e+00,2.866226453854027856e+00,-2.292105088080055530e+00,2.159085526778361075e+00
6.358233358503106558e+00,-3.882985885170448626e+00,2.861569159559747888e+00,-2.284040502977684017e+00,2.157054187160995173e+00
6.377500732316752519e+00,-3.894842375047746330e+00,2.856903068544035751e+00,-2.275856269321249847e+00,2.155014067836753977e+00
6.396768106130397591e+00,-3.906927621075107382e+00,2.852228037862985843e+00,-2.267552848803138676e+00,2.152965023284636903e+00
6.416035479944043551e+00,-3.919243763742945141e+00,2.847543925045537438e+00,-2.259130719694409262e+00,2.150906906262799456e+00
6.435302853757689512e+00,-3.931792977020803548e+00,2.842850587301518850e+00,-2.250590382791634703e+00,2.148839568362518992e+00
6.454570227571334584e+00,-3.944577471312635808e+00,2.838147880750384378e+00,-2.241932364090650776e+00,2.146762860825218944e+00
6.473837601384981433e+00,-3.957599499557372003e+00,2.833435659886395452e+00,-2.233157213487084736e+00,2.144676635392336994e+00
6.493104975198626505e+00,-3.970861365004762611e+00,2.828713777431731913e+00,-2.224265499925519141e+00,2.142580744949406313e+00
6.512372349012272466e+00,-3.984365428725258784e+00,2.823982084622175925e+00,-2.215257804418660381e+00,2.140475043784493714e+00
6.531639722825918426e+00,-3.998114114978283951e+00,2.819240431849945772e+00,-2.206134712954749943e+00,2.138359387390440958e+00
6.550907096639563498e+00,-4.012109913151550522e+00,2.814488669488321104e+00,-2.196896811337256228e+00,2.136233631869171035e+00
6.570174470453209459e+00,-4.026355375935789738e+00,2.809726648670828553e+00,-2.187544683451736027e+00,2.134097633108399616e+00
6.589441844266855419e+00,-4.040853114451521400e+00,2.804954221808796611e+00,-2.178078913485280488e+00,2.131951245964855968e+00
6.608709218080501380e+00,-4.055605791905828816e+00,2.800171242702397034e+00,-2.168500091509629080e+00,2.129794323685776369e+00
6.627976591894147340e+00,-4.070616117785975874e+00,2.795377566212582821e+00,-2.158808820893117097e+00,2.127626717732802319e+00
6.647243965707793301e+00,-4.085886844469698964e+00,2.790573047583617683e+00,-2.149005725495897856e+00,2.125448278058721385e+00
6.666511339521438373e+00,-4.101420767480657759e+00,2.785757541604206189e+00,-2.139091454669415082e+00,2.123258853759872444e+00
6.685778713335084333e+00,-4.117220729617687702e+00,2.780930901841985659e+00,-2.129066684705268830e+00,2.121058293921476157e+00
6.705046087148730294e+00,-4.133289628115059067e+00,2.776092980167844448e+00,-2.118932116383034359e+00,2.118846448419331008e+00
6.724313460962375366e+00,-4.149630423144410329e+00,2.771243626707716512e+00,-2.108688469367220542e+00,2.116623168454278670e+00
6.743580834776022215e+00,-4.166246145586939065e+00,2.766382690241556919e+00,-2.098336475090682107e+00,2.114388306671783013e+00
6.762848208589667287e+00,-4.183139902196394644e+00,2.761510018944695499e+00,-2.087876870185223943e+00,2.112141716836352767e+00
6.782115582403313248e+00,-4.200314876992202962e+00,2.756625461270320709e+00,-2.077310392362256675e+00,2.109883253156199512e+00
6.801382956216959208e+00,-4.217774328771705328e+00,2.751728866730659639e+00,-2.066637779952388954e+00,2.107612769452057666e+00
6.820650330030604280e+00,-4.235521585721652826e+00,2.746820086360512558e+00,-2.055859775279754942e+00,2.105330118407768847e+00
6.839917703844250241e+00,-4.253560038937645338e+00,2.741898972733543438e+00,-2.044977130966060930e+00,2.103035151116883661e+00
6.859185077657896201e+00,-4.271893136992213513e+00,2.736965379525578168e+00,-2.033990617435920800e+00,2.100727717055822730e+00
6.878452451471542162e+00,-4.290524383429859867e+00,2.732019160745855491e+00,-2.022901029560003394e+00,2.098407664493850966e+00
6.897719825285188122e+00,-4.309457338278035010e+00,2.727060169851409643e+00,-2.011709190619900944e+00,2.096074841227091756e+00
6.916987199098834083e+00,-4.328695623560967931e+00,2.722088258994896925e+00,-2.000415952537093034e+00,2.093729095432863119e+00
6.936254572912479155e+00,-4.348242931693596880e+00,2.717103278621687323e+00,-1.989022192364032104e+00,2.091370276407197526e+00
6.955521946726126004e+00,-4.368103034825036701e+00,2.712105077536904663e+00,-1.977528806089426938e+00,2.088998234981922497e+00
6.974789320539771076e+00,-4.388279792924407730e+00,2.707093503433125381e+00,-1.965936701565667022e+00,2.086612823508518844e+00
6.994056694353416148e+00,-4.408777158739577651e+00,2.702068403740627733e+00,-1.954246792611490591e+00,2.084213895418488338e+00
7.013324068167062997e+00,-4.429599178624108902e+00,2.697029626570447647e+00,-1.942459996008744971e+00,2.081801304489538929e+00
7.032591441980708069e+00,-4.450749989384193306e+00,2.691977021492019784e+00,-1.930577232293873235e+00,2.079374904029840820e+00
7.051858815794354030e+00,-4.472233812424440735e+00,2.686910439930694672e+00,-1.918599430173685061e+00,2.076934546215614574e+00
7.071126189607999990e+00,-4.494054947255675891e+00,2.681829735074446219e+00,-1.906527533373361116e+00,2.074480081773950602e+00
7.090393563421645950e+00,-4.516217766643238818e+00,2.676734761315434863e+00,-1.894362508040593696e+00,2.072011360105345368e+00
7.109660937235291911e+00,-4.538726715255922528e+00,2.671625373382857660e+00,-1.882105348675239043e+00,2.069528229816528064e+00
7.128928311048936983e+00,-4.561586312731148674e+00,2.666501425412145299e+00,-1.869757080972373586e+00,2.067030539518660337e+00
7.148195684862582944e+00,-4.584801160860049407e+00,2.661362770216669116e+00,-1.857318760839109295e+00,2.064518138671532110e+00
7.167463058676228904e+00,-4.608375953452036100e+00,2.656209258974964182e+00,-1.844791469925569638e+00,2.061990878241827030e+00
7.186730432489874865e+00,-4.632315486683705075e+00,2.651040741432977299e+00,-1.832176308993482827e+00,2.059448610996438500e+00
7.205997806303519937e+00,-4.656624667587942135e+00,2.645857066577983918e+00,-1.819474391054531903e+00,2.056891191355135540e+00
7.225265180117166786e+00,-4.681308518845409772e+00,2.640658083608242279e+00,-1.806686836273997177e+00,2.054318474851480225e+00
7.244532553930811858e+00,-4.706372179069245654e+00,2.635443642937414399e+00,-1.793814770135517378e+00,2.051730317361577516e+00
7.263799927744456930e+00,-4.731820899043817974e+00,2.630213596959764644e+00,-1.780859325441762619e+00,2.049126574325867534e+00
7.283067301558103779e+00,-4.757660035536964926e+00,2.624967800365740622e+00,-1.767821647643137650e+00,2.046507100191191864e+00
7.302334675371748851e+00,-4.783895045026359760e+00,2.619706109921033921e+00,-1.754702902048177471e+00,2.043871748238342168e+00
7.321602049185394812e+00,-4.810531479756042117e+00,2.614428383771791431e+00,-1.741504280938876770e+00,2.041220370851690724e+00
7.340869422999040772e+00,-4.837574987938889848e+00,2.609134480472775852e+00,-1.728227008642190921e+00,2.038552820163016754e+00
7.360136796812686732e+00,-4.865031318802925497e+00,2.603824258016073312e+00,-1.714872343186016224e+00,2.035868948896382591e+00
7.379404170626332693e+00,-4.892906331850801038e+00,2.598497573142070749e+00,-1.701441574131836276e+00,2.033168611184523744e+00
7.398671544439977765e+00,-4.921206008531248344e+00,2.593154281139546491e+00,-1.687936017254603627e+00,2.030451663135639073e+00
7.417938918253623726e+00,-4.949936463839915035e+00,2.587794236207665133e+00,-1.674357007629020178e+00,2.027717963000217338e+00
7.437206292067269686e+00,-4.979103955373245682e+00,2.582417292296212974e+00,-1.660705893129923227e+00,2.024967370900710328e+00
7.456473665880915647e+00,-5.008714888061711612e+00,2.577023304205093623e+00,-1.646984030236295915e+00,2.022199748210465664e+00
7.475741039694560719e+00,-5.038775814020493904e+00,2.571612128648187667e+00,-1.633192783377355628e+00,2.019414956767532576e+00
7.495008413508207568e+00,-5.069293428345539532e+00,2.566183624992454781e+00,-1.619333528058817251e+00,2.016612858155762744e+00
7.514275787321852640e+00,-5.100274562862423977e+00,2.560737655470206153e+00,-1.605407656940087247e+00,2.013793313266866392e+00
7.533543161135498600e+00,-5.131726180470822740e+00,2.555274084807653168e+00,-1.591416587199997679e+00,2.010956182278043958e+00
7.552810534949144561e+00,-5.163655372631348328e+00,2.549792779376337304e+00,-1.577361767164568773e+00,2.008101325062820131e+00
7.572077908762789633e+00,-5.196069361729778180e+00,2.544293606110161310e+00,-1.563244680377977147e+00,2.005228601930765020e+00
7.591345282576436482e+00,-5.228975508742099265e+00,2.538776431500895381e+00,-1.549066846018641641e+00,2.002337874499282577e+00
7.610612656390081554e+00,-5.262381325173535629e+00,2.533241120968352078e+00,-1.534829815592859248e+00,1.999429006463713687e+00
7.629880030203727515e+00,-5.296294487060323242e+00,2.527687538801241196e+00,-1.520535166887704293e+00,1.996501864061001275e+00
7.649147404017373475e+00,-5.330722848242097633e+00,2.522115548707713817e+00,-1.506184496937315487e+00,1.993556316108990645e+00
7.668414777831019435e+00,-5.365674450309009025e+00,2.516525014844045671e+00,-1.491779416033787387e+00,1.990592233623509788e+00
7.687682151644664508e+00,-5.401157527558750004e+00,2.510915803053402673e+00,-1.477321544517651297e+00,1.987609489134888552e+00
7.706949525458310468e+00,-5.437180506715842299e+00,2.505287781983226658e+00,-1.462812513297035766e+00,1.984607955910743016e+00
7.726216899271956429e+00,-5.473752002678812012e+00,2.499640823778506160e+00,-1.448253967990198898e+00,1.981587507318671948e+00
7.745484273085601501e+00,-5.510880812746259849e+00,2.493974804162622405e+00,-1.433647575561412202e+00,1.978548016523371089e+00
7.764751646899248350e+00,-5.548575912291431322e+00,2.488289601886895408e+00,-1.418995031613940139e+00,1.975489356618609804e+00
7.784019020712893422e+00,-5.586846454549352359e+00,2.482585097707714183e+00,-1.404298066315592175e+00,1.972411401172049050e+00
7.803286394526539382e+00,-5.625701776121351472e+00,2.476861173186394094e+00,-1.389558447315742740e+00,1.969314025044596406e+00
7.822553768340185343e+00,-5.665151408274345712e+00,2.471117709662529194e+00,-1.374777978859429650e+00,1.966197105268679524e+00
7.841821142153830415e+00,-5.705205092537348754e+00,2.465354587709482903e+00,-1.359958497375701958e+00,1.963060521753356324e+00
7.861088515967477264e+00,-5.745872797917634500e+00,2.459571687250869054e+00,-1.345101864811145687e+00,1.959904157633252098e+00
7.880355889781122336e+00,-5.787164736614341720e+00,2.453768888334234344e+00,-1.330209961615177461e+00,1.956727899179073304e+00
7.899623263594768297e+00,-5.829091375536182618e+00,2.447946072373173187e+00,-1.315284681381175824e+00,1.953531635311549941e+00
7.918890637408414257e+00,-5.871663442129190003e+00,2.442103123533734266e+00,-1.300327928679018807e+00,1.950315256873009773e+00
7.938158011222060217e+00,-5.914891924667118772e+00,2.436239929894359779e+00,-1.285341620712076027e+00,1.947078655879711517e+00
7.957425385035705290e+00,-5.958788068795961124e+00,2.430356384065528452e+00,-1.270327692349272564e+00,1.943821724984032162e+00
7.976692758849352138e+00,-6.003363373294412497e+00,2.424452383101779240e+00,-1.255288103126231736e+00,1.940544357316873247e+00
7.995960132662997211e+00,-6.048629588374295096e+00,2.418527827735344360e+00,-1.240224844248840386e+00,1.937246446773759345e+00
8.015227506476643171e+00,-6.094598719281797194e+00,2.412582621152872697e+00,-1.225139943626631700e+00,1.933927888683151464e+00
8.034494880290289132e+00,-6.141283036611921986e+00,2.406616667670404830e+00,-1.210035467514247953e+00,1.930588580687778499e+00
8.053762254103935092e+00,-6.188695092978894863e+00,2.400629871698018558e+00,-1.194913518292360255e+00,1.927228423609735897e+00
8.073029627917581053e+00,-6.236847743985239667e+00,2.394622137312182986e+00,-1.179776229005550015e+00,1.923847322074686117e+00
8.092297001731225237e+00,-6.285754170282100262e+00,2.388593368589269517e+00,-1.164625756187903871e+00,1.920445184738567956e+00
8.111564375544872973e+00,-6.335427897249955365e+00,2.382543470642302541e+00,-1.149464272988723890e+00,1.917021924072566108e+00
8.130831749358517158e+00,-6.385882809544346728e+00,2.376472351103592118e+00,-1.134293964524619280e+00,1.913577455787082826e+00
8.150099123172163118e+00,-6.437133159266493543e+00,2.370379921664733658e+00,-1.119117026753863930e+00,1.910111698077802345e+00
8.169366496985809079e+00,-6.489193568422571445e+00,2.364266099261140841e+00,-1.103935669171371536e+00,1.906624570927662798e+00
8.188633870799455039e+00,-6.542079028101063010e+00,2.358130806579917138e+00,-1.088752120539584922e+00,1.903115995683343220e+00
8.207901244613100999e+00,-6.595804897923756016e+00,2.351973971754149684e+00,-1.073568636007284693e+00,1.899585895047829043e+00
8.227168618426746960e+00,-6.650386909481792230e+00,2.345795527333708552e+00,-1.058387503569534260e+00,1.896034193513499222e+00
8.246435992240392920e+00,-6.705841176588345220e+00,2.339595408829311829e+00,-1.043211048000399099e+00,1.892460818135949463e+00
8.265703366054038881e+00,-6.762184213489915052e+00,2.333373553254082466e+00,-1.028041631096947350e+00,1.888865699452545011e+00
8.284970739867683065e+00,-6.819432960137384647e+00,2.327129898097500149e+00,-1.012881648108586941e+00,1.885248772308679044e+00
8.304238113681329025e+00,-6.877604811794809869e+00,2.320864381054664971e+00,-9.977335212990706692e-01,1.881609976380607341e+00
8.323505487494974986e+00,-6.936717649178279821e+00,2.314576940628034762e+00,-9.825996923952249329e-01,1.877949256269313194e+00
8.342772861308620946e+00,-6.996789865294179123e+00,2.308267517475095509e+00,-9.674826159891979360e-01,1.874266561161052946e+00
8.362040235122266907e+00,-7.057840386216902573e+00,2.301936056161671740e+00,-9.523847556898785705e-01,1.870561844172877519e+00
8.381307608935912867e+00,-7.119888684937192735e+00,2.295582506857858807e+00,-9.373085840398819313e-01,1.866835061590840450e+00
8.400574982749558828e+00,-7.182954789608401391e+00,2.289206826518649152e+00,-9.222565861464693260e-01,1.863086172239474037e+00
8.419842356563203012e+00,-7.247059289409570226e+00,2.282808979225942725e+00,-9.072312659188888073e-01,1.859315137184605948e+00
8.439109730376850749e+00,-7.312223342289048134e+00,2.276388935597933205e+00,-8.922351530597791847e-01,1.855521919877854753e+00
8.458377104190494933e+00,-7.378468688737600090e+00,2.269946671433344054e+00,-8.772708087349436745e-01,1.851706486726596879e+00
8.477644478004142670e+00,-7.445817674468501401e+00,2.263482165978831784e+00,-8.623408282091349353e-01,1.847868807952923964e+00
8.496911851817786854e+00,-7.514293282786736583e+00,2.256995400324375289e+00,-8.474478395830443711e-01,1.844008858523154215e+00
8.516179225631432814e+00,-7.583919175082165509e+00,2.250486356408378352e+00,-8.325944988606863717e-01,1.840126618909025957e+00
8.535446599445078775e+00,-7.654719735940104464e+00,2.243955016954222170e+00,-8.177834826081424868e-01,1.836222075488758598e+00
8.554713973258724735e+00,-7.726720118389053482e+00,2.237401366404849767e+00,-8.030174801419784902e-01,1.832295220497485166e+00
8.573981347072370696e+00,-7.799946285100990195e+00,2.230825392641255345e+00,-7.882991873166649288e-01,1.828346051563745300e+00
8.593248720886016656e+00,-7.874425042877611247e+00,2.224227089043021799e+00,-7.736313035266997318e-01,1.824374570985761279e+00
8.612516094699660840e+00,-7.950184070102245038e+00,2.217606456340142085e+00,-7.590165326273036195e-01,1.820380784975116795e+00
8.631783468513306801e+00,-8.027251939374385969e+00,2.210963503749240111e+00,-7.444575873644918573e-01,1.816364703105129763e+00
8.651050842326954537e+00,-8.105658139562336828e+00,2.204298249075717031e+00,-7.299571959049673264e-01,1.812326338143801285e+00
8.670318216140600498e+00,-8.185433102428913088e+00,2.197610717747097819e+00,-7.155181084517847623e-01,1.808265706342793822e+00
8.689585589954244682e+00,-8.266608238517504148e+00,2.190900941044352290e+00,-7.011431018949855209e-01,1.804182828124920812e+00
8.708852963767890643e+00,-8.349215985228665815e+00,2.184168954032574828e+00,-6.868349809894702673e-01,1.800077728999562865e+00
8.728120337581536603e+00,-8.433289867434559994e+00,2.177414793791838221e+00,-6.725965755230336462e-01,1.795950440470245324e+00
8.747387711395180787e+00,-8.518864568280896776e+00,2.170638498481410661e+00,-6.584307340629501626e-01,1.791801000699881241e+00
8.766655085208828524e+00,-8.605976005778030569e+00,2.163840107549905412e+00,-6.443403158315907930e-01,1.787629454766744397e+00
8.785922459022474484e+00,-8.694661409987331169e+00,2.157019663088444617e+00,-6.303281827881784816e-01,1.783435854459172187e+00
8.805189832836120445e+00,-8.784959396335942472e+00,2.150177211999564353e+00,-6.163971939344197182e-01,1.779220257686927376e+00
8.824457206649764629e+00,-8.876910032687188590e+00,2.143312808413167403e+00,-6.025502032318664769e-01,1.774982727695455065e+00
8.843724580463410589e+00,-8.970554900715367097e+00,2.136426515692746442e+00,-5.887900614944039379e-01,1.770723332325155219e+00
8.862991954277058326e+00,-9.065937155087759436e+00,2.129518407470246011e+00,-5.751196214889383596e-01,1.766442143545404964e+00
8.882259328090702510e+00,-9.163101586120671271e+00,2.122588567404928295e+00,-5.615417445603170243e-01,1.762139237415621285e+00
8.901526701904348471e+00,-9.262094692322964562e+00,2.115637087712983089e+00,-5.480593066528183233e-01,1.757814694504871600e+00
8.920794075717994431e+00,-9.362964768325692688e+00,2.108664066864013087e+00,-5.346752017570530757e-01,1.753468600671431288e+00
8.940061449531640392e+00,-9.465762011337911730e+00,2.101669607089160507e+00,-5.213923415254099192e-01,1.749101048001003189e+00
8.959328823345284576e+00,-9.570538646100184010e+00,2.094653812419904781e+00,-5.082136508716411649e-01,1.744712135656175889e+00
8.978596197158932313e+00,-9.677349065214462698e+00,2.087616787849746469e+00,-4.951420604978715168e-01,1.740301970413328680e+00
8.997863570972578273e+00,-9.786249979604678018e+00,2.080558639912308827e+00,-4.821804981576692795e-01,1.735870666750165547e+00
9.017130944786222457e+00,-9.897300573361624387e+00,2.073479478577290092e+00,-4.693318808202546766e-01,1.731418346472963554e+00
9.036398318599868418e+00,-1.001056265856566085e+01,2.066379419988034538e+00,-4.565991096467758026e-01,1.726945138002011992e+00
9.055665692413514378e+00,-1.012610082857319682e+01,2.059258589308285536e+00,-4.439850688940576440e-01,1.722451175530010925e+00
9.074933066227162115e+00,-1.024398261196170878e+01,2.052117122887723522e+00,-4.314926287479103340e-01,1.717936598304047990e+00
9.094200440040806299e+00,-1.036427863286657747e+01,2.044955169119509364e+00,-4.191246509702162837e-01,1.713401550246840044e+00
9.113467813854452260e+00,-1.048706278584109342e+01,2.037772887710007641e+00,-4.068839954381726076e-01,1.708846180036834195e+00
9.132735187668098220e+00,-1.061241243395036626e+01,2.030570447519705279e+00,-3.947735253889076423e-01,1.704270641636476569e+00
9.152002561481742404e+00,-1.074040863738599683e+01,2.023348023544670582e+00,-3.827961095354018850e-01,1.699675095130197322e+00
9.171269935295388365e+00,-1.087113641684108245e+01,2.016105793872531304e+00,-3.709546200924750403e-01,1.695059707644562597e+00
9.190537309109036102e+00,-1.100468505207326864e+01,2.008843937485847331e+00,-3.592519268998678461e-01,1.690424654097969714e+00
9.209804682922682062e+00,-1.114114841262162869e+01,2.001562633579198724e+00,-3.476908889291625560e-01,1.685770117573505811e+00
9.229072056736326246e+00,-1.128062531560057202e+01,1.994262062653097356e+00,-3.362743452014174683e-01,1.681096289213384498e+00
9.248339430549972207e+00,-1.142321990559103995e+01,1.986942409154046407e+00,-3.250051073121452139e-01,1.676403367667250066e+00
9.267606804363618167e+00,-1.156904205404718944e+01,1.979603864981474004e+00,-3.138859553093960031e-01,1.671691558251884091e+00
9.286874178177264127e+00,-1.171820777986905249e+01,1.972246632907229014e+00,-3.029196377245543803e-01,1.666961072060969995e+00
9.306141551990910088e+00,-1.187083969787600424e+01,1.964870928936568450e+00,-2.921088753795126891e-01,1.662212125277457320e+00
9.325408925804556048e+00,-1.202706750661123358e+01,1.957476982896604323e+00,-2.814563675201252613e-01,1.657444938883533059e+00
9.344676299618202009e+00,-1.218702853005574838e+01,1.950065037008018587e+00,-2.709647981583136467e-01,1.652659738850232429e+00
9.363943673431846193e+00,-1.235086832869186679e+01,1.942635342755393291e+00,-2.606368404345683620e-01,1.647856756752044571e+00
9.383211047245492153e+00,-1.251874139383513551e+01,1.935188156866819220e+00,-2.504751573610176085e-01,1.643036230630077643e+00
9.402478421059139890e+00,-1.269081193586520051e+01,1.927723737502346602e+00,-2.404823983206264559e-01,1.638198405854935924e+00
9.421745794872785851e+00,-1.286725477311774846e+01,1.920242341742832037e+00,-2.306611918944694861e-01,1.633343535738158048e+00
9.441013168686430035e+00,-1.304825632521541046e+01,1.912744225154295208e+00,-2.210141366293260634e-01,1.628471881709784075e+00
9.460280542500075995e+00,-1.323401571387301523e+01,1.905229643653113536e+00,-2.115437919466647276e-01,1.623583713000252393e+00
9.479547916313721956e+00,-1.342474597659111168e+01,1.897698857257556160e+00,-2.022526713627800510e-01,1.618679305903451882e+00
9.498815290127366140e+00,-1.362067540430614443e+01,1.890152134756876823e+00,-1.931432395453134276e-01,1.613758942815225028e+00
9.518082663941013877e+00,-1.382204902237662125e+01,1.882589758020344561e+00,-1.842179136521581995e-01,1.608822911304611969e+00
9.537350037754659837e+00,-1.402913024401941655e+01,1.875012024703764268e+00,-1.754790681894738968e-01,1.603871503465577497e+00
9.556617411568305798e+00,-1.424220273498516320e+01,1.867419248498002338e+00,-1.669290416269321453e-01,1.598905015717250411e+00
9.575884785381949982e+00,-1.446157253658243391e+01,1.859811756712125286e+00,-1.585701425045365487e-01,1.593923749093058451e+00
9.595152159195595942e+00,-1.468757050046136570e+01,1.852189885725570750e+00,-1.504046529006629052e-01,1.588928009919507112e+00
9.614419533009243679e+00,-1.492055509310030104e+01,1.844553975476661556e+00,-1.424348278705831472e-01,1.583918110673136148e+00
9.633686906822887863e+00,-1.516091563195846703e+01,1.836904364496677378e+00,-1.346628906015996108e-01,1.578894370751316556e+00
9.652954280636533824e+00,-1.540907602084845074e+01,1.829241386938109004e+00,-1.270910242455566275e-01,1.573857116914248344e+00
9.672221654450179784e+00,-1.566549906181471741e+01,1.821565372577780728e+00,-1.197213623381448433e-01,1.568806683246000144e+00
9.691489028263825745e+00,-1.593069143726246395e+01,1.813876650007122615e+00,-1.125559801279490402e-01,1.563743410616408314e+00
9.710756402077469929e+00,-1.620520948148180551e+01,1.806175552349988056e+00,-1.055968888961326263e-01,1.558667645765421605e+00
9.730023775891117666e+00,-1.648966589666927618e+01,1.798462424108790758e+00,-9.884603451635269600e-02,1.553579740237519990e+00
9.749291149704763626e+00,-1.678473761617654603e+01,1.790737627345813099e+00,-9.230530031561946791e-02,1.548480049435945638e+00
9.768558523518407810e+00,-1.709117507805685676e+01,1.783001545489135253e+00,-8.597651308552807514e-02,1.543368932032483487e+00
9.787825897332053771e+00,-1.740981324678863729e+01,1.775254583619348514e+00,-7.986145020239233949e-02,1.538246749867605567e+00
9.807093271145699731e+00,-1.774158481384952069e+01,1.767497165020772254e+00,-7.396184549762613303e-02,1.533113868336269281e+00
9.826360644959347468e+00,-1.808753612514009745e+01,1.759729724840462417e+00,-6.827939186956294426e-02,1.527970657115749642e+00
9.845628018772991652e+00,-1.844884653612198377e+01,1.751952702612197710e+00,-6.281573954835960316e-02,1.522817490993004341e+00
9.864895392586637612e+00,-1.882685210112927265e+01,1.744166535917750949e+00,-5.757249015954640781e-02,1.517654750518351969e+00
9.884162766400283573e+00,-1.922307478729366181e+01,1.736371657414090830e+00,-5.255118793123586540e-02,1.512482822258762516e+00
9.903430140213927757e+00,-1.963925880350202746e+01,1.728568496837292745e+00,-4.775331021502225715e-02,1.507302098535055146e+00
9.922697514027573717e+00,-2.007741620613861855e+01,1.720757488543130931e+00,-4.318025970610362557e-02,1.502112976671643452e+00
9.941964887841221454e+00,-2.053988476915606398e+01,1.712939083934173823e+00,-3.883336028941630769e-02,1.496915857924513427e+00
9.961232261654867415e+00,-2.102940231461919041e+01,1.705113767098907607e+00,-3.471385743236633792e-02,1.491711146344005368e+00
9.980499635468511599e+00,-2.154920349577501426e+01,1.697282071488048105e+00,-3.082292277264240404e-02,1.486499247847693050e+00
9.999767009282157559e+00,-2.210314774390558767e+01,1.689444595733133214e+00,-2.716166137087389076e-02,1.481280569719592100e+00
1.001903438309580352e+01,-2.269589130148624889e+01,1.681602017903277346e+00,-2.373111934613473389e-02,1.476055520631309737e+00
1.003830175690944948e+01,-2.333312296020721277e+01,1.673755109611691605e+00,-2.053228950367097516e-02,1.470824511132458712e+00
1.005756913072309544e+01,-2.402189409402129883e+01,1.665904754414556432e+00,-1.756611313181563258e-02,1.465587954423508643e+00
1.007683650453674140e+01,-2.477109217776747130e+01,1.658051979070167103e+00,-1.483347723306053731e-02,1.460346267142317522e+00
1.009610387835038736e+01,-2.559213976555725267e+01,1.650198012241811840e+00,-1.233520775646160424e-02,1.455099869889377784e+00
1.011537125216403155e+01,-2.650006134053089468e+01,1.642344395461825757e+00,-1.007206054805225535e-02,1.449849187288495544e+00
1.013463862597767751e+01,-2.751517790653679185e+01,1.634493191701944070e+00,-8.044712405717937415e-03,1.444594647509366059e+00
1.015390599979132524e+01,-2.866593237096708791e+01,1.626647383659455937e+00,-6.253754623113858511e-03,1.439336681329863366e+00
1.017317337360496943e+01,-2.999389272939745865e+01,1.618811671841379862e+00,-4.699690729990954260e-03,1.434075720946129451e+00
1.019244074741861539e+01,-3.156332115135037952e+01,1.610994214253133050e+00,-3.382938971437114174e-03,1.428812198810657685e+00
1.021170812123226135e+01,-3.348145039758450991e+01,1.603210924165518803e+00,-2.303838743917664342e-03,1.423546546771812027e+00
1.023097549504590731e+01,-3.594811236306122737e+01,1.595498200166787672e+00,-1.462659094660270559e-03,1.418279195703995743e+00
1.025024286885955327e+01,-3.940741006448020300e+01,1.587962976476496868e+00,-8.596068101134840631e-04,1.413010575679441327e+00
1.026951024267319923e+01,-4.524473355567825195e+01,1.581120484348605748e+00,-4.948317356278878615e-04,1.407741116579124263e+00
1.028877761648684519e+01,-7.283503792182928294e+01,1.622783908347216641e+00,-3.684277540523462811e-04,1.402471248915033053e+00
1.030804499030048937e+01,-4.600104946927682903e+01,-1.580780960804140989e+00,-4.804290865630729437e-04,1.397201404574580419e+00
1.032731236411413533e+01,-3.978589761289168791e+01,-1.587476226093773590e+00,-8.308029177359012220e-04,1.391932017218142859e+00
1.034657973792778130e+01,-3.620097904910294773e+01,-1.594984199125584867e+00,-1.419440410035200349e-03,1.386663522157307371e+00
1.036584711174142903e+01,-3.367168658850353324e+01,-1.602687331193893394e+00,-2.246148657076388853e-03,1.381396355687557920e+00
1.038511448555507322e+01,-3.171611696949013037e+01,-1.610466095027733413e+00,-3.310645890301138448e-03,1.376130954003645046e+00
1.040438185936871918e+01,-3.012184192892510026e+01,-1.618280978189200692e+00,-4.612561361020518433e-03,1.370867751945152202e+00
1.042364923318236514e+01,-2.877623086213424131e+01,-1.626114998875673123e+00,-6.151440018810567893e-03,1.365607181869670450e+00
1.044291660699601110e+01,-2.761232277895466680e+01,-1.633959556506320077e+00,-7.926750763333077071e-03,1.360349672917002373e+00
1.046218398080965528e+01,-2.658705035015518447e+01,-1.641809746417412841e+00,-9.937896040680856136e-03,1.355095650819025721e+00
1.048145135462330302e+01,-2.567107108034586815e+01,-1.649662486615524504e+00,-1.218422017437600230e-02,1.349845538256565280e+00
1.050071872843694898e+01,-2.484349153169993585e+01,-1.657515664564877644e+00,-1.466501417718089374e-02,1.344599755610034197e+00
1.051998610225059316e+01,-2.408890564215954910e+01,-1.665367712574493231e+00,-1.737951578702258068e-02,1.339358721838485033e+00
1.053925347606423912e+01,-2.339562672951864641e+01,-1.673217385486750919e+00,-2.032690482967412435e-02,1.334122855184113332e+00
1.055852084987788508e+01,-2.275457868192908961e+01,-1.681063642663533253e+00,-2.350629535051130398e-02,1.328892573447328918e+00
1.057778822369153282e+01,-2.215857179273498900e+01,-1.688905586436390438e+00,-2.691672689674963481e-02,1.323668293698222920e+00
1.059705559750517700e+01,-2.160181349606776990e+01,-1.696742430782046673e+00,-3.055715760209649565e-02,1.318450431449829541e+00
1.061632297131882297e+01,-2.107956814905328002e+01,-1.704573484488006718e+00,-3.442646124615729442e-02,1.313239399472142077e+00
1.063559034513246893e+01,-2.058791451383014248e+01,-1.712398139165091315e+00,-3.852342936184548899e-02,1.308035606529744266e+00
1.065485771894611311e+01,-2.012356909819269646e+01,-1.720215856723770642e+00,-4.284677805319579702e-02,1.302839456350411984e+00
1.067412509275975907e+01,-1.968375498200926188e+01,-1.728026154235108303e+00,-4.739515786042830525e-02,1.297651347069660899e+00
1.069339246657340681e+01,-1.926610273643065696e+01,-1.735828586600923318e+00,-5.216716414571914012e-02,1.292471671263967670e+00
1.071265984038705277e+01,-1.886857442293535669e+01,-1.743622729070094968e+00,-5.716134531932027391e-02,1.287300816520358993e+00
1.073192721420069695e+01,-1.848940448292194105e+01,-1.751408162271284708e+00,-6.237620683032384095e-02,1.282139166338702285e+00
1.075119458801434291e+01,-1.812705319163388751e+01,-1.759184462128726922e+00,-6.781021004322600187e-02,1.276987101068415953e+00
1.077046196182798887e+01,-1.778016960323677154e+01,-1.766951195997484181e+00,-7.346176657547262567e-02,1.271844998570596630e+00
1.078972933564163483e+01,-1.744756176932128255e+01,-1.774707924944226578e+00,-7.932922997219196692e-02,1.266713234373423980e+00
1.080899670945528079e+01,-1.712817260383803841e+01,-1.782454210715287424e+00,-8.541088737222037042e-02,1.261592181231943721e+00
1.082826408326892675e+01,-1.682106017939041465e+01,-1.790189624945316416e+00,-9.170495385014092171e-02,1.256482208172852832e+00
1.084753145708257271e+01,-1.652538153036184809e+01,-1.797913757813203617e+00,-9.820957138828299848e-02,1.251383679252825454e+00
1.086679883089621690e+01,-1.624037924693097068e+01,-1.805626223714815959e+00,-1.049228131420942151e-01,1.246296952343140196e+00
1.088606620470986286e+01,-1.596537029793083562e+01,-1.813326662475247986e+00,-1.118426921736672408e-01,1.241222378249559499e+00
1.090533357852351060e+01,-1.569973663833479627e+01,-1.821014735898974113e+00,-1.189671725620233683e-01,1.236160300384981037e+00
1.092460095233715478e+01,-1.544291725095290246e+01,-1.828690120714130618e+00,-1.262941801159880584e-01,1.231111055058618398e+00
1.094386832615080074e+01,-1.519440134879799054e+01,-1.836352499883725953e+00,-1.338216100135592723e-01,1.226074972272492403e+00
1.096313569996444670e+01,-1.495372252805309543e+01,-1.844001554610073867e+00,-1.415473295489567129e-01,1.221052376772706616e+00
1.098240307377809266e+01,-1.472045371294871963e+01,-1.851636959081736533e+00,-1.494691755477553785e-01,1.216043589030240790e+00
1.100167044759173862e+01,-1.449420277344691144e+01,-1.859258379204580036e+00,-1.575849475242304676e-01,1.211048925844919522e+00
1.102093782140538458e+01,-1.427460872476228460e+01,-1.866865475454648537e+00,-1.658923988756415002e-01,1.206068700372194824e+00
1.104020519521903054e+01,-1.406133843547174678e+01,-1.874457908893920388e+00,-1.743892289864268641e-01,1.201103221535995802e+00
1.105947256903267473e+01,-1.385408378028513177e+01,-1.882035348590596291e+00,-1.830730788834431522e-01,1.196152792966221901e+00
1.107873994284632069e+01,-1.365255917729515289e+01,-1.889597478384274387e+00,-1.919415320995249141e-01,1.191217711736839435e+00
1.109800731665996665e+01,-1.345649945088221244e+01,-1.897144001195152585e+00,-2.009921209410472920e-01,1.186298267240749160e+00
1.111727469047361438e+01,-1.326565796332695868e+01,-1.904674639806222869e+00,-2.102223368257734037e-01,1.181394740502919039e+00
1.113654206428725857e+01,-1.307980496263397363e+01,-1.912189134037087568e+00,-2.196296421936323739e-01,1.176507404112816291e+00
1.115580943810090453e+01,-1.289872610190498037e+01,-1.919687235204215581e+00,-2.292114810280345694e-01,1.171636522784393675e+00
1.117507681191455049e+01,-1.272222109631108111e+01,-1.927168699464108848e+00,-2.389652853962705992e-01,1.166782354375363484e+00
1.119434418572819467e+01,-1.255010249573213699e+01,-1.934633281883884948e+00,-2.488884765261437371e-01,1.161945151067263149e+00
1.121361155954184063e+01,-1.238219456233862381e+01,-1.942080732825981482e+00,-2.589784604738098461e-01,1.157125160361180960e+00
1.123287893335548837e+01,-1.221833225075148022e+01,-1.949510797555433994e+00,-2.692326199720808111e-01,1.152322625594870198e+00
1.125214630716913433e+01,-1.205836029255735120e+01,-1.956923219075153542e+00,-2.796483051442995582e-01,1.147537785821722167e+00
1.127141368098277852e+01,-1.190213238655212535e+01,-1.964317743317336440e+00,-2.902228261116422958e-01,1.142770875073142234e+00
1.129068105479642448e+01,-1.174951049193418839e+01,-1.971694125204084269e+00,-3.009534500080601749e-01,1.138022121202337367e+00
1.130994842861007044e+01,-1.160036421547071583e+01,-1.979052133896377130e+00,-3.118374036857336495e-01,1.133291744629264075e+00
1.132921580242371640e+01,-1.145457027754895662e+01,-1.986391555818863175e+00,-3.228718817876843894e-01,1.128579957338518458e+00
1.134848317623736236e+01,-1.131201203799147592e+01,-1.993712194692776940e+00,-3.340540583362117122e-01,1.123886962414447854e+00
1.136775055005100832e+01,-1.117257906188753225e+01,-2.001013868646069227e+00,-3.453810989693938405e-01,1.119212954249035441e+00
1.138701792386465428e+01,-1.103616670879900141e+01,-2.008296405265659335e+00,-3.568501707462490846e-01,1.114558119369613465e+00
1.140628529767829846e+01,-1.090267573480793573e+01,-2.015559635996456489e+00,-3.684584471008218176e-01,1.109922637658388389e+00
1.142555267149194442e+01,-1.077201190442758971e+01,-2.022803391434445874e+00,-3.802031068769280431e-01,1.105306683623805464e+00
1.144482004530559216e+01,-1.064408561645918461e+01,-2.030027498777642769e+00,-3.920813280410394563e-01,1.100710427367324495e+00
1.146408741911923634e+01,-1.051881155266263512e+01,-2.037231782076363018e+00,-4.040902781813099365e-01,1.096134034973616389e+00
1.148335479293288230e+01,-1.039610835948292511e+01,-2.044416065140847838e+00,-4.162271048258017747e-01,1.091577668214525065e+00
1.150262216674652826e+01,-1.027589837083720070e+01,-2.051580176237519204e+00,-4.284889286855154689e-01,1.087041483651949969e+00
1.152188954056017423e+01,-1.015810737490013693e+01,-2.058723953232583170e+00,-4.408728421196861924e-01,1.082525631397114774e+00
1.154115691437382019e+01,-1.004266442145120131e+01,-2.065847247747084836e+00,-4.533759136532724554e-01,1.078030253884442846e+00
1.156042428818746615e+01,-9.929501660507336069e+00,-2.072949927188932229e+00,-4.659951976608884827e-01,1.073555485018217182e+00
1.157969166200111211e+01,-9.818554199306086971e+00,-2.080031874133968284e+00,-4.787277468512757261e-01,1.069101449948483884e+00
1.159895903581475807e+01,-9.709759964238749319e+00,-2.087092983267537338e+00,-4.915706243645439621e-01,1.064668265557278337e+00
1.161822640962840225e+01,-9.603059557170075422e+00,-2.094133156764699688e+00,-5.045209123696929865e-01,1.060256041536195015e+00
1.163749378344204821e+01,-9.498396100920341922e+00,-2.101152299399615675e+00,-5.175757150086126579e-01,1.055864881768265651e+00
1.165676115725569595e+01,-9.395715075046807030e+00,-2.108150314724238861e+00,-5.307321551117015757e-01,1.051494885638928789e+00
1.167602853106934013e+01,-9.294964148711619245e+00,-2.115127103336339687e+00,-5.439873658660755451e-01,1.047146148918344011e+00
1.169529590488298609e+01,-9.196093020847152744e+00,-2.122082563661636723e+00,-5.573384800540360784e-01,1.042818763976437246e+00
1.171456327869663205e+01,-9.099053278152032576e+00,-2.129016594973109022e+00,-5.707826201865724425e-01,1.038512819279983512e+00
1.173383065251027801e+01,-9.003798278656127252e+00,-2.135929101757244375e+00,-5.843168926260927654e-01,1.034228398325019560e+00
1.175309802632392397e+01,-8.910283063523891656e+00,-2.142819998179458008e+00,-5.979383876819461818e-01,1.029965578320239716e+00
1.177236540013756994e+01,-8.818464293873276461e+00,-2.149689211393497335e+00,-6.116441859780851198e-01,1.025724429011249050e+00
1.179163277395121590e+01,-8.728300204323858225e+00,-2.156536682778628311e+00,-6.254313696072717477e-01,1.021505011999793711e+00
1.181090014776486008e+01,-8.639750562150268820e+00,-2.163362366775040346e+00,-6.392970352060006745e-01,1.017307380775424486e+00
1.183016752157850604e+01,-8.552776621067014418e+00,-2.170166227656541658e+00,-6.532383055048209819e-01,1.013131581477362486e+00
1.184943489539215200e+01,-8.467341061731518792e+00,-2.176948235144593014e+00,-6.672523363010924857e-01,1.008977654197662943e+00
1.186870226920579974e+01,-8.383407916149254291e+00,-2.183708360074730237e+00,-6.813363170645210243e-01,1.004845634481727146e+00
1.188796964301944392e+01,-8.300942478868890362e+00,-2.190446571294249800e+00,-6.954874651687894538e-01,1.000735554623271906e+00
1.190723701683308988e+01,-8.219911212592938554e+00,-2.197162834612514271e+00,-7.097030155446727440e-01,9.966474444057177307e-01
1.192650439064673584e+01,-8.140281658310948742e+00,-2.203857114045383536e+00,-7.239802088600542085e-01,9.925813310960696079e-01
1.194577176446038003e+01,-8.062022359640812041e+00,-2.210529374956501591e+00,-7.383162817733395222e-01,9.885372387080151313e-01
1.196503913827402599e+01,-7.985102807898723398e+00,-2.217179588177597083e+00,-7.527084622452957507e-01,9.845151867588818329e-01
1.198430651208767372e+01,-7.909493409426309185e+00,-2.223807733930152075e+00,-7.671539714802968479e-01,9.805151888912375657e-01
1.200357388590131968e+01,-7.835165471292416584e+00,-2.230413804440202874e+00,-7.816500321939278129e-01,9.765372517722035184e-01
1.202284125971496387e+01,-7.762091197163721645e+00,-2.236997804513518595e+00,-7.961938810976114667e-01,9.725813746089649880e-01
1.204210863352860983e+01,-7.690243683089792448e+00,-2.243559749912396484e+00,-8.107827822657910355e-01,9.686475494475070835e-01
1.206137600734225579e+01,-7.619596903718958814e+00,-2.250099663986599552e+00,-8.254140377604353151e-01,9.647357622010223066e-01
1.208064338115590175e+01,-7.550125682808958238e+00,-2.256617573490054429e+00,-8.400849926237519139e-01,9.608459941468224796e-01
1.209991075496954771e+01,-7.481805646869302606e+00,-2.263113504730426495e+00,-8.547930329133797134e-01,9.569782234950531263e-01
1.211917812878319367e+01,-7.414613165977845810e+00,-2.269587481094044179e+00,-8.695355774100086421e-01,9.531324266082069618e-01
1.213844550259683963e+01,-7.348525289811047578e+00,-2.276039522595978859e+00,-8.843100654242708192e-01,9.493085785454319359e-01
1.215771287641048382e+01,-7.283519688623306010e+00,-2.282469647536329749e+00,-8.991139442551285832e-01,9.455066527941075050e-01
1.217698025022412978e+01,-7.219574607860917759e+00,-2.288877875758318137e+00,-9.139446599807116156e-01,9.417266202806190423e-01
1.219624762403777751e+01,-7.156668841621224075e+00,-2.295264232563904105e+00,-9.287996543471523925e-01,9.379684479578805911e-01
1.221551499785142170e+01,-7.094781725255399962e+00,-2.301628752169050163e+00,-9.436763688108069648e-01,9.342320973904149062e-01
1.223478237166506766e+01,-7.033893142441893787e+00,-2.307971479718997632e+00,-9.585722547621554623e-01,9.305175237627305584e-01
1.225404974547871362e+01,-6.973983538406177018e+00,-2.314292471292692444e+00,-9.734847871875049741e-01,9.268246756208318171e-01
1.227331711929235958e+01,-6.915033929635199250e+00,-2.320591791889282884e+00,-9.884114780137609468e-01,9.231534954515467906e-01
1.229258449310600554e+01,-6.857025901779608468e+00,-2.326869511950417913e+00,-1.003349885426653376e+00,9.195039209673235847e-01
1.231185186691965150e+01,-6.799941591059739388e+00,-2.333125703374502979e+00,-1.018297616552153118e+00,9.158758867622169841e-01
1.233111924073329746e+01,-6.743763649369983071e+00,-2.339360436112728259e+00,-1.033252322743597684e+00,9.122693258956749984e-01
1.235038661454694164e+01,-6.688475198046655024e+00,-2.345573776266590027e+00,-1.048211688804412622e+00,9.086841709763909813e-01
1.236965398836058760e+01,-6.634059778606050450e+00,-2.351765786182424378e+00,-1.063173419208327086e+00,9.051203544558468206e-01
1.238892136217423356e+01,-6.580501309754405170e+00,-2.357936526479780692e+00,-1.078135225259832630e+00,9.015778080624368140e-01
1.240818873598788130e+01,-6.527784058363836905e+00,-2.364086059413432306e+00,-1.093094816907655975e+00,8.980564615503561221e-01
1.242745610980152549e+01,-6.475892628362490910e+00,-2.370214452602377175e+00,-1.108049901637235601e+00,8.945562411338322528e-01
1.244672348361517145e+01,-6.424811966659492057e+00,-2.376321782063846033e+00,-1.122998190877878555e+00,8.910770680705319968e-01
1.246599085742881741e+01,-6.374527380664320120e+00,-2.382408133690807617e+00,-1.137937412224984790e+00,8.876188578204040613e-01
1.248525823124246159e+01,-6.325024558931700014e+00,-2.388473602750087910e+00,-1.152865324102046118e+00,8.841815200471675462e-01
1.250452560505610933e+01,-6.276289585798554782e+00,-2.394518291531614995e+00,-1.167779728752042834e+00,8.807649594928709247e-01
1.252379297886975529e+01,-6.228308942750083510e+00,-2.400542305793087472e+00,-1.182678479872884658e+00,8.773690775079484583e-01
1.254306035268340125e+01,-6.181069493122914871e+00,-2.406545750976081699e+00,-1.197559482688525190e+00,8.739937738302352432e-01
1.256232772649704543e+01,-6.134558451538353552e+00,-2.412528729227968682e+00,-1.212420686368290923e+00,8.706389481308604017e-01
1.258159510031069139e+01,-6.088763343823012875e+00,-2.418491338034568283e+00,-1.227260070876563747e+00,8.673045009055173615e-01
1.260086247412433735e+01,-6.043671965908595567e+00,-2.424433670816334097e+00,-1.242075631937392011e+00,8.639903334706473537e-01
1.262012984793798509e+01,-5.999272350554899269e+00,-2.430355819292985053e+00,-1.256865368372129810e+00,8.606963470754429579e-01
1.263939722175162927e+01,-5.955552748626065096e+00,-2.436257876930594701e+00,-1.271627275438222959e+00,8.574224413917167498e-01
1.265866459556527523e+01,-5.912501627668687476e+00,-2.442139942487339788e+00,-1.286359346129496428e+00,8.541685128231327750e-01
1.267793196937892120e+01,-5.870107685808145348e+00,-2.448002122651365742e+00,-1.301059580154310114e+00,8.509344531313935978e-01
1.269719934319256538e+01,-5.828359874814951880e+00,-2.453844533021468433e+00,-1.315725998119454898e+00,8.477201487922109147e-01
1.271646671700621312e+01,-5.787247423751850306e+00,-2.459667297145951448e+00,-1.330356656936598769e+00,8.445254812909047670e-01
1.273573409081985908e+01,-5.746759854566299452e+00,-2.465470543876945975e+00,-1.344949662072018715e+00,8.413503283024591495e-01
1.275500146463350504e+01,-5.706886983345622610e+00,-2.471254403765724916e+00,-1.359503173104433138e+00,8.381945654485181141e-01
1.277426883844714922e+01,-5.667618905039956800e+00,-2.477019005489240921e+00,-1.374015400914539775e+00,8.350580681559177654e-01
1.279353621226079518e+01,-5.628945964138861058e+00,-2.482764473286370066e+00,-1.388484597186752989e+00,8.319407131066722805e-01
1.281280358607444114e+01,-5.590858717757622109e+00,-2.488490926098360756e+00,-1.402909039094834887e+00,8.288423788791816627e-01
1.283207095988808710e+01,-5.553347899746862382e+00,-2.494198478631744820e+00,-1.417287013443508492e+00,8.257629456054350614e-01
1.285133833370173306e+01,-5.516404394190623783e+00,-2.499887244026363753e+00,-1.431616804740931670e+00,8.227022937463198682e-01
1.287060570751537902e+01,-5.480019224080212581e+00,-2.505557337365493797e+00,-1.445896690609753454e+00,8.196603023388518983e-01
1.288987308132902498e+01,-5.444183556766455823e+00,-2.511208879032884589e+00,-1.460124945896233761e+00,8.166368472231493314e-01
1.290914045514266917e+01,-5.408888723171850543e+00,-2.516841996966831640e+00,-1.474299854377613794e+00,8.136317997684887615e-01
1.292840782895631513e+01,-5.374126243970215100e+00,-2.522456827170993510e+00,-1.488419724792128473e+00,8.106450264817468554e-01
1.294767520276996287e+01,-5.339887854065398010e+00,-2.528053512328710450e+00,-1.502482906645782101e+00,8.076763896349183902e-01
1.296694257658360705e+01,-5.306165517237294793e+00,-2.533632198896234922e+00,-1.516487801256589663e+00,8.047257487598875603e-01
1.298620995039725301e+01,-5.272951425620991728e+00,-2.539193033473472028e+00,-1.530432864794956105e+00,8.017929626098796447e-01
1.300547732421089897e+01,-5.240237982959696339e+00,-2.544736159451054025e+00,-1.544316602314068199e+00,7.988778910490726970e-01
1.302474469802454493e+01,-5.208017775133316540e+00,-2.550261714854406225e+00,-1.558137554312880591e+00,7.959803963453947473e-01
1.304401207183819089e+01,-5.176283535042307093e+00,-2.555769831971270278e+00,-1.571894279515775095e+00,7.931003435045326233e-01
1.306327944565183685e+01,-5.145028110528216736e+00,-2.561260638852112859e+00,-1.585585338673162203e+00,7.902375995510811935e-01
1.308254681946548281e+01,-5.114244443193955547e+00,-2.566734262251498588e+00,-1.599209283955003613e+00,7.873920319607922158e-01
1.310181419327912700e+01,-5.083925562979408674e+00,-2.572190831177917580e+00,-1.612764656974368327e+00,7.845635066915613853e-01
1.312108156709277296e+01,-5.054064598990787083e+00,-2.577630480051005257e+00,-1.626249996059875302e+00,7.817518863801973250e-01
1.314034894090641892e+01,-5.024654802587412483e+00,-2.583053350575220897e+00,-1.639663850771816644e+00,7.789570292316965183e-01
1.315961631472006665e+01,-4.995689575348478684e+00,-2.588459591797145798e+00,-1.653004799570319427e+00,7.761787889370443949e-01
1.317888368853371084e+01,-4.967162493214638985e+00,-2.593849358319772147e+00,-1.666271465594459045e+00,7.734170156669477603e-01
1.319815106234735680e+01,-4.939067319193329197e+00,-2.599222807160698867e+00,-1.679462525984342314e+00,7.706715578831431213e-01
1.321741843616100276e+01,-4.911398000228294869e+00,-2.604580094119076872e+00,-1.692576711956236934e+00,7.679422644727599279e-01
1.323668580997464694e+01,-4.884148648268713977e+00,-2.609921370653492723e+00,-1.705612799435063831e+00,7.652289866127339746e-01
1.325595318378829468e+01,-4.857313509999049650e+00,-2.615246782131296577e+00,-1.718569592732237750e+00,7.625315788402132755e-01
1.327522055760194064e+01,-4.830886932874826734e+00,-2.620556467928746081e+00,-1.731445905766499704e+00,7.598498990237496642e-01
1.329448793141558660e+01,-4.804863336167050747e+00,-2.625850563346485256e+00,-1.744240546082261867e+00,7.571838072386550822e-01
1.331375530522923079e+01,-4.779237194353081364e+00,-2.631129202799631805e+00,-1.756952306191378321e+00,7.545331638614303227e-01
1.333302267904287675e+01,-4.754003036782852298e+00,-2.636392523386514863e+00,-1.769579964739005140e+00,7.518978274242140714e-01
1.335229005285652271e+01,-4.729155463042405749e+00,-2.641640667833908385e+00,-1.782122297231115482e+00,7.492776528452544937e-01
1.337155742667016867e+01,-4.704689169085495060e+00,-2.646873785989144245e+00,-1.794578093336806068e+00,7.466724905522306166e-01
1.339082480048381463e+01,-4.680598976218005802e+00,-2.652092034433185308e+00,-1.806946175868206605e+00,7.440821867676685741e-01
1.341009217429746059e+01,-4.656879854231124938e+00,-2.657295574311456576e+00,-1.819225415998957152e+00,7.415065848983594110e-01
1.342935954811110655e+01,-4.633526931611880784e+00,-2.662484567975939243e+00,-1.831414740280491227e+00,7.389455276554389718e-01
1.344862692192475073e+01,-4.610535489361308414e+00,-2.667659175364334612e+00,-1.843513127290703935e+00,7.363988593187397180e-01
1.346789429573839847e+01,-4.587900939524518940e+00,-2.672819551117492143e+00,-1.855519594671371841e+00,7.338664275098737422e-01
1.348716166955204443e+01,-4.565618793812350695e+00,-2.677965843233145016e+00,-1.867433180055848352e+00,7.313480839696376856e-01
1.350642904336568861e+01,-4.543684630481171993e+00,-2.683098193628364658e+00,-1.879252921174884960e+00,7.288436841117060805e-01
1.352569641717933457e+01,-4.522094068158043711e+00,-2.688216740452908038e+00,-1.890977840733034432e+00,7.263530854696068628e-01
1.354496379099298053e+01,-4.500842753402475971e+00,-2.693321621507957175e+00,-1.902606940366210253e+00,7.238761454703068754e-01
1.356423116480662650e+01,-4.479926365004931910e+00,-2.698412977815475511e+00,-1.914139205464429505e+00,7.214127191651068527e-01
1.358349853862027246e+01,-4.459340633386152497e+00,-2.703490956338833406e+00,-1.925573619575412732e+00,7.189626575690031274e-01
1.360276591243391842e+01,-4.439081369265349686e+00,-2.708555711088780349e+00,-1.936909184360115832e+00,7.165258070952003067e-01
1.362203328624756438e+01,-4.419144493179930855e+00,-2.713607402295977078e+00,-1.948144939435981549e+00,7.141020102661032043e-01
1.364130066006120856e+01,-4.399526057185775052e+00,-2.718646193868638150e+00,-1.959279976398118572e+00,7.116911075210672344e-01
1.366056803387485452e+01,-4.380222252225427937e+00,-2.723672249832128411e+00,-1.970313442887474675e+00,7.092929396262491748e-01
1.367983540768850048e+01,-4.361229398628608145e+00,-2.728685730733485304e+00,-1.981244535352229219e+00,7.069073500134888111e-01
1.369910278150214822e+01,-4.342543921905666515e+00,-2.733686791007539529e+00,-1.992072482348694829e+00,7.045341863857859099e-01
1.371837015531579240e+01,-4.324162320108376534e+00,-2.738675578037836900e+00,-2.002796522948221636e+00,7.021733011263699975e-01
1.373763752912943836e+01,-4.306081131415325558e+00,-2.743652233177015454e+00,-2.013415886273666189e+00,6.998245503823277147e-01
1.375690490294308432e+01,-4.288296910584418420e+00,-2.748616894447283521e+00,-2.023929777952760745e+00,6.974877920691735511e-01
1.377617227675673028e+01,-4.270806220495497740e+00,-2.753569700172980639e+00,-2.034337377387679169e+00,6.951628833533105567e-01
1.379543965057037624e+01,-4.253605640844567937e+00,-2.758510792534545342e+00,-2.044637846715829266e+00,6.928496783256659075e-01
1.381470702438402220e+01,-4.236691791297390708e+00,-2.763440320050503107e+00,-2.054830349020474678e+00,6.905480265353117764e-01
1.383397439819766817e+01,-4.220061362382597991e+00,-2.768358438287649825e+00,-2.064914070681558744e+00,6.882577728163135067e-01
1.385324177201131235e+01,-4.203711145225462076e+00,-2.773265308589337508e+00,-2.074888241505414399e+00,6.859787584787697678e-01
1.387250914582495831e+01,-4.187638051509011916e+00,-2.778161095162303251e+00,-2.084752146814550233e+00,6.837108235474029794e-01
1.389177651963860427e+01,-4.171839117730365309e+00,-2.783045961321242157e+00,-2.094505127884996654e+00,6.814538094279390945e-01
1.391104389345225201e+01,-4.156311492166019583e+00,-2.787920065929212043e+00,-2.104146570386037141e+00,6.792075612507022520e-01
1.393031126726589619e+01,-4.141052407770564159e+00,-2.792783561023530314e+00,-2.113675883890081320e+00,6.769719292216795914e-01
1.394957864107954215e+01,-4.126059148172878999e+00,-2.797636591292818942e+00,-2.123092478108674186e+00,6.747467685842419849e-01
1.396884601489318811e+01,-4.111329015906014739e+00,-2.802479295559927586e+00,-2.132395742526352223e+00,6.725319381844562239e-01
1.398811338870683230e+01,-4.096859311447725638e+00,-2.807311809868433983e+00,-2.141585035234259138e+00,6.703272980305235995e-01
1.400738076252048003e+01,-4.082647328702938339e+00,-2.812134271321890644e+00,-2.150659684230220137e+00,6.681327065289393019e-01
1.402664813633412599e+01,-4.068690368027739979e+00,-2.816946821610168072e+00,-2.159619000949659195e+00,6.659480181820423006e-01
1.404591551014777195e+01,-4.054985763028992274e+00,-2.821749609237420575e+00,-2.168462302304253964e+00,6.637730824115660733e-01
1.406518288396141614e+01,-4.041530913522104029e+00,-2.826542789820785107e+00,-2.177188935027118522e+00,6.616077438617927742e-01
1.408445025777506210e+01,-4.028323315270294636e+00,-2.831326524361395869e+00,-2.185798295374792755e+00,6.594518441194721081e-01
1.410371763158870806e+01,-4.015360577963289046e+00,-2.836100975952781322e+00,-2.194289838456217723e+00,6.573052243830006525e-01
1.412298500540235402e+01,-4.002640426109540073e+00,-2.840866305829858440e+00,-2.202663074329183512e+00,6.551677283357626447e-01
1.414225237921599998e+01,-3.990160682235000422e+00,-2.845622669852017061e+00,-2.210917551733003972e+00,6.530392044091257731e-01
1.416151975302964594e+01,-3.977919236705077743e+00,-2.850370216401400647e+00,-2.219052833862354746e+00,6.509195067820697789e-01
1.418078712684329190e+01,-3.965914012245790765e+00,-2.855109086291535370e+00,-2.227068472922738351e+00,6.488084948144963171e-01
1.420005450065693609e+01,-3.954142932784296960e+00,-2.859839414727084250e+00,-2.234963990657539590e+00,6.467060310528632838e-01
1.421932187447058382e+01,-3.942603905110439566e+00,-2.864561334785410640e+00,-2.242738870445248889e+00,6.446119783556710781e-01
1.423858924828422978e+01,-3.931294818369797550e+00,-2.869274981463110219e+00,-2.250392563354155939e+00,6.425261969453675004e-01
1.425785662209787397e+01,-3.920213561487002618e+00,-2.873980495165616933e+00,-2.257924506601371117e+00,6.404485422264728500e-01
1.427712399591151993e+01,-3.909358053636474928e+00,-2.878678023663369778e+00,-2.265334149304889078e+00,6.383788640041353490e-01
1.429639136972516589e+01,-3.898726279211890855e+00,-2.883367721956077823e+00,-2.272620978260851299e+00,6.363170073479037514e-01
1.431565874353881185e+01,-3.888316317422862767e+00,-2.888049750063588661e+00,-2.279784536359581004e+00,6.342628148802724741e-01
1.433492611735245781e+01,-3.878126358057183420e+00,-2.892724269338730725e+00,-2.286824428238393381e+00,6.322161298600365020e-01
1.435419349116610377e+01,-3.868154698721154361e+00,-2.897391438314219858e+00,-2.293740311323567926e+00,6.301767991940275815e-01
1.437346086497974973e+01,-3.858399723982752327e+00,-2.902051409234819523e+00,-2.300531874550388434e+00,6.281446755177354513e-01
1.439272823879339391e+01,-3.848859871884015682e+00,-2.906704326246548398e+00,-2.307198810598747762e+00,6.261196177371364247e-01
1.441199561260703987e+01,-3.839533596859721509e+00,-2.911350325763245372e+00,-2.313740789422070954e+00,6.241014898531586086e-01
1.443126298642068583e+01,-3.830419339192632666e+00,-2.915989538930599423e+00,-2.320157440601640531e+00,6.220901583768211340e-01
1.445053036023433357e+01,-3.821515509423996981e+00,-2.920622095523516037e+00,-2.326448349661584203e+00,6.200854890496891869e-01
1.446979773404797776e+01,-3.812820492068805578e+00,-2.925248128207398324e+00,-2.332613069581543019e+00,6.180873437934273351e-01
1.448906510786162372e+01,-3.804332667665683232e+00,-2.929867775981589428e+00,-2.338651144431767914e+00,6.160955787615887136e-01
1.450833248167526968e+01,-3.796050447085725477e+00,-2.934481185838171857e+00,-2.344562138550696062e+00,6.141100440661574345e-01
1.452759985548891386e+01,-3.787972308553059442e+00,-2.939088512155320299e+00,-2.350345663001403462e+00,6.121305852830217775e-01
1.454686722930256160e+01,-3.780096826974478574e+00,-2.943689913969310457e+00,-2.356001391687570834e+00,6.101570463348292561e-01
1.456613460311620756e+01,-3.772422687202682923e+00,-2.948285550860948678e+00,-2.361529062337502261e+00,6.081892729504818629e-01
1.458540197692985352e+01,-3.764948677234573715e+00,-2.952875578586027672e+00,-2.366928461803142092e+00,6.062271157231373664e-01
1.460466935074349770e+01,-3.757673662885422594e+00,-2.957460145663665330e+00,-2.372199399586300661e+00,6.042704318873072245e-01
1.462393672455714366e+01,-3.750596550653300554e+00,-2.962039391884188966e+00,-2.377341676925531111e+00,6.023190852866252554e-01
1.464320409837078962e+01,-3.743716248857098527e+00,-2.966613449175774520e+00,-2.382355060163213523e+00,6.003729445113429319e-01
1.466247147218443558e+01,-3.737031637736043965e+00,-2.971182444618234886e+00,-2.387239266034215213e+00,5.984318797061852768e-01
1.468173884599808154e+01,-3.730541556840536010e+00,-2.975746504792588176e+00,-2.391993963242167620e+00,5.964957589366812751e-01
1.470100621981172750e+01,-3.724244813340706894e+00,-2.980305760273357141e+00,-2.396618790116220143e+00,5.945644451424643151e-01
1.472027359362537346e+01,-3.718140209109533245e+00,-2.984860349015886705e+00,-2.401113383550436797e+00,5.926377945555066917e-01
1.473954096743901765e+01,-3.712226579189701337e+00,-2.989410417682368593e+00,-2.405477411131794696e+00,5.907156570577477561e-01
1.475880834125266539e+01,-3.706502830994391040e+00,-2.993956120511345631e+00,-2.409710597319277614e+00,5.887978784071400407e-01
1.477807571506631135e+01,-3.700967973249440934e+00,-2.998497616013691136e+00,-2.413812736083062571e+00,5.868843037268239859e-01
1.479734308887995553e+01,-3.695621126395434164e+00,-3.003035062386632426e+00,-2.417783686150380529e+00,5.849747812817224224e-01
1.481661046269360149e+01,-3.690461511216837742e+00,-3.007568612906193817e+00,-2.421623349903035294e+00,5.830691654684514447e-01
1.483587783650724745e+01,-3.685488418482556039e+00,-3.012098412581790896e+00,-2.425331641654876691e+00,5.811673181509047215e-01
1.485514521032089341e+01,-3.680701167706867061e+00,-3.016624597023419341e+00,-2.428908454164516950e+00,5.792691079313204705e-01
1.487441258413453937e+01,-3.676099066285591466e+00,-3.021147293869669515e+00,-2.432353632892396256e+00,5.773744075287849942e-01
1.489367995794818533e+01,-3.671681380320281463e+00,-3.025666626417133909e+00,-2.435666965462532030e+00,5.754830899800923438e-01
1.491294733176183129e+01,-3.667447325358514476e+00,-3.030182718474062398e+00,-2.438848189577433434e+00,5.735950247260962476e-01
1.493221470557547725e+01,-3.663396079858463494e+00,-3.034695699106060296e+00,-2.441897017424277561e+00,5.717100746973462488e-01
1.495148207938912144e+01,-3.659526817906643803e+00,-3.039205705951908865e+00,-2.444813169870861280e+00,5.698280952466844296e-01
1.497074945320276917e+01,-3.655838752309112483e+00,-3.043712886165677922e+00,-2.447596410841516246e+00,5.679489352637083766e-01
1.499001682701641514e+01,-3.652331176156358605e+00,-3.048217394687619652e+00,-2.450246572048030647e+00,5.660724401890598889e-01
1.500928420083005932e+01,-3.649003491205718319e+00,-3.052719390285391299e+00,-2.452763560834422485e+00,5.641984560993169584e-01
1.502855157464370528e+01,-3.645855214915902920e+00,-3.057219030434759954e+00,-2.455147348590387413e+00,5.623268337133340289e-01
1.504781894845735124e+01,-3.642885963784265879e+00,-3.061716466449013740e+00,-2.457397942691446957e+00,5.604574311733838687e-01
1.506708632227099720e+01,-3.640095417201851813e+00,-3.066211840219622786e+00,-2.459515349678048857e+00,5.585901147842596837e-01
1.508635369608464316e+01,-3.637483271535997709e+00,-3.070705283504088001e+00,-2.461499540022005661e+00,5.567247574621846384e-01
1.510562106989828912e+01,-3.635049197033677792e+00,-3.075196920002956080e+00,-2.463350424556897345e+00,5.548612352948646409e-01
1.512488844371193508e+01,-3.632792809564413528e+00,-3.079686869695232421e+00,-2.465067849495921948e+00,5.529994231602732846e-01
1.514415581752557927e+01,-3.630713665291885661e+00,-3.084175254263547217e+00,-2.466651611775405595e+00,5.511391906371160276e-01
1.516342319133922523e+01,-3.628811280117808735e+00,-3.088662202117056665e+00,-2.468101490690497890e+00,5.492803993783123007e-01
1.518269056515287296e+01,-3.627085168873703136e+00,-3.093147851606559140e+00,-2.469417287066240974e+00,5.474229027216879206e-01
1.520195793896651892e+01,-3.625534893650313784e+00,-3.097632351505538395e+00,-2.470598858901432937e+00,5.455665476868802877e-01
1.522122531278016311e+01,-3.624160107925171292e+00,-3.102115858576337093e+00,-2.471646143234356163e+00,5.437111788286562719e-01
1.524049268659380907e+01,-3.622960584083507296e+00,-3.106598532849792260e+00,-2.472559157732539870e+00,5.418566428771147692e-01
1.525976006040745503e+01,-3.621936216337575676e+00,-3.111080531895110912e+00,-2.473337981184701384e+00,5.400027928514666842e-01
1.527902743422109921e+01,-3.621086997762232418e+00,-3.115562005661459022e+00,-2.473982718085070864e+00,5.381494904607462271e-01
1.529829480803474695e+01,-3.620412977359570572e+00,-3.120043093342296014e+00,-2.474493457138786212e+00,5.362966060728345807e-01
1.531756218184839291e+01,-3.619914208744443140e+00,-3.124523923176547591e+00,-2.474870235432892862e+00,5.344440162147970907e-01
1.533682955566203887e+01,-3.619590704598444120e+00,-3.129004615298907943e+00,-2.475113018611917681e+00,5.325915992721498293e-01
1.535609692947568305e+01,-3.619442409700917906e+00,-3.133485286903592737e+00,-2.475221703015320962e+00,5.307392305813316558e-01
1.537536430328932902e+01,-3.619469200412787746e+00,-3.137966058326622232e+00,-2.475196139568445197e+00,5.288867783050438254e-01
1.539463167710297498e+01,-3.619670911265652435e+00,3.140738248811001387e+00,-2.475036173000888073e+00,5.270341012817661985e-01
1.541389905091662094e+01,-3.620047381763305872e+00,3.136256879820595866e+00,-2.474741685469719510e+00,5.251810494989470612e-01
1.543316642473026690e+01,-3.620598510730718367e+00,3.131774990115823165e+00,-2.474312632205144968e+00,5.233274671015758495e-01
