Frequency (GHz), S1:1 (dB), S1:1 (rad), S2:1 (dB), S2:1 (rad), S_spiceport1:lumpedport1 * |Z_spice|^2/Real(Z_spice) (dB), S_spiceport1:lumpedport1 * |Z_spice|^2/Real(Z_spice) (rad), S_spiceport2:lumpedport1 * |Z_spice|^2/Real(Z_spice) (dB), S_spiceport2:lumpedport1 * |Z_spice|^2/Real(Z_spice) (rad)
1.926737381364577312e-02,-2.698119348099677595e+01,1.455285772130077149e+00,-8.768490060520427523e-03,-1.159855822823142313e-01,-6.690559898905914338e+01,1.373393696438330869e+00,-6.701747603684913202e+01,1.536516165004201850e+00
2.247860278258673530e-02,-2.565257883101108405e+01,1.436118015288557537e+00,-1.189068437336026664e-02,-1.352815518398609862e-01,-6.559131501961329036e+01,1.390583784334274542e+00,-6.567482929606087794e+01,1.530783276328872011e+00
2.568983175152769749e-02,-2.450463280281199019e+01,1.416960580441943174e+00,-1.547753555513516760e-02,-1.545614900300025518e-01,-6.444588767094464288e+01,1.402120345347715347e+00,-6.451071133501962152e+01,1.525041564893971691e+00
2.890106072046865968e-02,-2.349504335378130193e+01,1.397817543212046321e+00,-1.952240864586693436e-02,-1.738232106475489647e-01,-6.343101378547064684e+01,1.409854771594618361e+00,-6.348281622495107257e+01,1.519289782750720352e+00
3.211228968940962186e-02,-2.259491773982549034e+01,1.378692186374111284e+00,-2.401784011088939005e-02,-1.930645658318493607e-01,-6.251993008925641959e+01,1.414910557113945089e+00,-6.256225854998147895e+01,1.513526696706034791e+00
3.532351865835058752e-02,-2.178364566042012740e+01,1.359587338582454841e+00,-2.895555815377791331e-02,-2.122834509308200446e-01,-6.169324168836599398e+01,1.418007789230782967e+00,-6.172843633710969868e+01,1.507751087717657201e+00
3.853474762729154623e-02,-2.104600700255049972e+01,1.340505541617295515e+00,-3.432650499145935979e-02,-2.314778089672523687e-01,-6.093646393105867531e+01,1.419628574179466751e+00,-6.096613868695692418e+01,1.501961751158812142e+00
4.174597659623250495e-02,-2.037044125464141686e+01,1.321449138568617787e+00,-4.012086095136724317e-02,-2.506456348162056647e-01,-6.023850412232463469e+01,1.420107362477698087e+00,-6.026381511450970407e+01,1.496157497440510076e+00
4.495720556517347061e-02,-1.974796009567124599e+01,1.302420322575958300e+00,-4.632807024160918996e-02,-2.697849791345791615e-01,-5.959068517031979439e+01,1.419683112262879687e+00,-5.961248808143668754e+01,1.490337152763695272e+00
4.816843453411443626e-02,-1.917143606180674809e+01,1.283421164623284261e+00,-5.293686823917186784e-02,-2.888939520582853859e-01,-5.898609561734165396e+01,1.418530853363488831e+00,-5.900504161245930135e+01,1.484499559887665132e+00
5.137966350305539498e-02,-1.863512126451005102e+01,1.264453629647177113e+00,-5.993531013970259530e-02,-3.079707266725597581e-01,-5.841914380516322325e+01,1.416781555227647704e+00,-5.843573996536151327e+01,1.478643578852181673e+00
5.459089247199635370e-02,-1.813431228237711323e+01,1.245519585866594392e+00,-6.731080081465709575e-02,-3.270135422574539930e-01,-5.788524398230910606e+01,1.414535061254779125e+00,-5.789989247492062674e+01,1.472768087616029842e+00
5.780212144093731935e-02,-1.766511099343519575e+01,1.226620810065961464e+00,-7.505012572774993895e-02,-3.460207073097490982e-01,-5.738059018525412824e+01,1.411868756493785515e+00,-5.739361433662686807e+01,1.466871982589000201e+00
6.101335040987828501e-02,-1.722425016831539679e+01,1.207758990416621714e+00,-8.313948277213389915e-02,-3.649906023427632595e-01,-5.690199001719547311e+01,1.408843522413883109e+00,-5.691365215030133129e+01,1.460954179043386425e+00
6.422457937881924372e-02,-1.680896386164520351e+01,1.188935727789520502e+00,-9.156451490157857531e-02,-3.839216824660302563e-01,-5.644674024055080963e+01,1.405507915840790378e+00,-5.645725426093571286e+01,1.455013611397700357e+00
6.743580834776019550e-02,-1.641688946869226839e+01,1.170152536149759781e+00,-1.003103434419397033e-01,-4.028124797472132923e-01,-5.601253216228802501e+01,1.401901155010828903e+00,-5.602207276391096968e+01,1.449049233370537593e+00
7.064703731670117504e-02,-1.604599259754604645e+01,1.151410842408670865e+00,-1.093616019821396779e-01,-4.216616053586767499e-01,-5.559737864509592242e+01,1.398055285737998865e+00,-5.560608832507875832e+01,1.443060018006817602e+00
7.385826628564212681e-02,-1.569450866465990302e+01,1.132711985977540747e+00,-1.187024707553363256e-01,-4.404677515108507135e-01,-5.519955708511113102e+01,1.393996772658850913e+00,-5.520755172375419306e+01,1.437044957582177096e+00
7.706949525458309247e-02,-1.536089693882403573e+01,1.114057218184411502e+00,-1.283167114296030475e-01,-4.592296931738933941e-01,-5.481756436297025203e+01,1.389747680439103572e+00,-5.482493784391770930e+01,1.431003063394066244e+00
8.028072422352404425e-02,-1.504380398160611598e+01,1.095447701662238593e+00,-1.381877022322520188e-01,-4.779462895882831130e-01,-5.445008090255897315e+01,1.385326558539698327e+00,-5.445690906187757463e+01,1.424933365450132605e+00
8.349195319246500990e-02,-1.474203427105950048e+01,1.076884509781595778e+00,-1.482984733322132431e-01,-4.966164855640262110e-01,-5.409594174779427078e+01,1.380749109534529229e+00,-5.410228581738513753e+01,1.418834912065696896e+00
8.670318216140597556e-02,-1.445452638072962692e+01,1.058368626177655258e+00,-1.586317424005481425e-01,-5.152393125673059293e-01,-5.375411310988358338e+01,1.376028698434102804e+00,-5.376002274040168771e+01,1.412706769382575445e+00
8.991441113034694121e-02,-1.418033350077322652e+01,1.039900944405004912e+00,-1.691699502602364291e-01,-5.338138895927979632e-01,-5.342367322160771437e+01,1.371176744977454121e+00,-5.342918912047426261e+01,1.406548020821199119e+00
9.312564009928789299e-02,-1.391860738623115701e+01,1.021482267742356065e+00,-1.798952965242675006e-01,-5.523394238197710804e-01,-5.310379661107021576e+01,1.366203029920316281e+00,-5.310895280388264439e+01,1.400357766477016819e+00
9.633686906822887253e-02,-1.366858503476685804e+01,1.003113309160809097e+00,-1.907897751063239444e-01,-5.708152110505168020e-01,-5.279374110832363698e+01,1.361115938411045168e+00,-5.279856682097276632e+01,1.394135122470688604e+00
9.954809803716982430e-02,-1.342957755641154982e+01,9.847946914627748738e-01,-2.018352094738676827e-01,-5.892406359308214325e-01,-5.249283704688656371e+01,1.355922657622267380e+00,-5.249735820630706939e+01,1.387879220259682578e+00
1.027593270061107900e-01,-1.320096081735944438e+01,9.665269475933208065e-01,-2.130132875000178838e-01,-6.076151719540049401e-01,-5.220047823390265762e+01,1.350629341272809869e+00,-5.220471859375528112e+01,1.381589205916831542e+00
1.059705559750517417e-01,-1.298216752992253653e+01,9.483105211211201313e-01,-2.243055957613458717e-01,-6.259383812525569635e-01,-5.191611434828705285e+01,1.345241250138855538e+00,-5.192009625870858258e+01,1.375264239379293985e+00
1.091817849439927074e-01,-1.277268052930106634e+01,9.301457668821602187e-01,-2.356936531249276823e-01,-6.442099141843788956e-01,-5.163924449311119247e+01,1.339762874870343179e+00,-5.164298934814073760e+01,1.368903493669453741e+00
1.123930139129336730e-01,-1.257202703047356351e+01,9.120329517758074545e-01,-2.471589434714492328e-01,-6.624295087239581159e-01,-5.136941168186136508e+01,1.334198045245917896e+00,-5.137294009188244814e+01,1.362506154087673504e+00
1.156042428818746387e-01,-1.237977369929473070e+01,8.939722556998036529e-01,-2.586829474127188555e-01,-6.805969896721326684e-01,-5.110619808162248034e+01,1.328550028321288101e+00,-5.110952982925095966e+01,1.356071417375693366e+00
1.188154718508155905e-01,-1.219552240373921670e+01,8.759637726084326115e-01,-2.702471728819345609e-01,-6.987122677012175265e-01,-5.084922087209320551e+01,1.322821616687538393e+00,-5.085237471701627499e+01,1.349598490848872734e+00
1.220267008197565700e-01,-1.201890653629091332e+01,8.580075116765797372e-01,-2.818331845027743365e-01,-7.167753382547832341e-01,-5.059812860922416178e+01,1.317015207208993122e+00,-5.060112200973068752e+01,1.343086591495507021e+00
1.252379297886975218e-01,-1.184958781833787000e+01,8.401033985518799874e-01,-2.934226316773923537e-01,-7.347862803231006712e-01,-5.035259800721732404e+01,1.311132870110212290e+00,-5.035544682329047816e+01,1.336534945042076039e+00
1.284491587576384874e-01,-1.168725351327739403e+01,8.222512766777622106e-01,-3.049972753714367268e-01,-7.527452551158805294e-01,-5.011233107328247627e+01,1.305176408082077133e+00,-5.011504930841901029e+01,1.329942784984469162e+00
1.316603877265794531e-01,-1.153161398775371538e+01,8.044509086720027513e-01,-3.165390136136470023e-01,-7.706525046533801993e-01,-4.987705254633570462e+01,1.299147405125685495e+00,-4.987965217345439584e+01,1.323309351586875238e+00
1.348716166955203910e-01,-1.138240057071756794e+01,7.867019777482462395e-01,-3.280299057645907346e-01,-7.885083502951139023e-01,-4.964650760404168039e+01,1.293047265091859410e+00,-4.964899850606664700e+01,1.316633890851983013e+00
1.380828456644613844e-01,-1.123936366832814926e+01,7.690040891719108762e-01,-3.394521956411866159e-01,-8.063131912224364983e-01,-4.942045981250252140e+01,1.286877240240827724e+00,-4.942284985183793822e+01,1.309915653468254781e+00
1.412940746334023501e-01,-1.110227109950912272e+01,7.513567717463446316e-01,-3.507883336068723379e-01,-8.240675028872979091e-01,-4.919868929975648086e+01,1.280638450576485843e+00,-4.920098451441355536e+01,1.303153893742093672e+00
1.445053036023432880e-01,-1.097090662252941229e+01,7.337594793299684337e-01,-3.620209977495986164e-01,-8.417718354349021936e-01,-4.898099113839766261e+01,1.274331895139914517e+00,-4.898319604747976541e+01,1.296347868524572178e+00
1.477165325712842536e-01,-1.084506862754692058e+01,7.162115923897212078e-01,-3.731331142698147696e-01,-8.594268121031547469e-01,-4.876717392446386157e+01,1.267958456820702295e+00,-4.876929191339067415e+01,1.289496836143790848e+00
1.509277615402252193e-01,-1.072456897381846730e+01,6.987124195999989684e-01,-3.841078771869961273e-01,-8.770331275971949836e-01,-4.855705853973098129e+01,1.261518902515015084e+00,-4.855909228703900737e+01,1.282600055354783386e+00
1.541389905091661849e-01,-1.060923195339429270e+01,6.812611994988698738e-01,-3.949287674479444732e-01,-8.945915464334207590e-01,-4.835047708322500171e+01,1.255013880592174447e+00,-4.835242898669748968e+01,1.275656784318984993e+00
1.573502194781071506e-01,-1.049889336570191567e+01,6.638571022142479849e-01,-4.055795714845228384e-01,-9.121029012446681961e-01,-4.814727195566820939e+01,1.248443917608112352e+00,-4.814914451616787261e+01,1.268666279624648840e+00
1.605614484470480885e-01,-1.039339968958194760e+01,6.464992312715244216e-01,-4.160443992261952384e-01,-9.295680910369749084e-01,-4.794729507826445314e+01,1.241809416022159107e+00,-4.794909120476054909e+01,1.261627795358122528e+00
1.637726774159890819e-01,-1.029260734114965992e+01,6.291866254907835243e-01,-4.263077015286076410e-01,-9.469880793888730830e-01,-4.775040722520827075e+01,1.235110654347389758e+00,-4.775213043346767705e+01,1.254540582233703905e+00
1.669839063849300198e-01,-1.019638200738846834e+01,6.119182609762380265e-01,-4.363542869377273759e-01,-9.643638925864463918e-01,-4.755647744800452870e+01,1.228347790722990052e+00,-4.755813193724878829e+01,1.247403886786964788e+00
1.701951353538709855e-01,-1.010459804668999162e+01,5.946930531931489128e-01,-4.461693376758701368e-01,-9.816966176913568543e-01,-4.736538256943373426e+01,1.221520870380648383e+00,-4.736697317467207569e+01,1.240216950633155291e+00
1.734063643228119511e-01,-1.001713794868784646e+01,5.775098591189959940e-01,-4.557384247150053080e-01,-9.989874005443399874e-01,-4.717700672598270728e+01,1.214629836934593810e+00,-4.717853875728820157e+01,1.232979009788814917e+00
1.766175932917529168e-01,-9.933891846724440811e+00,5.603674794466452225e-01,-4.650475217988939147e-01,-1.016237443712808108e+00,-4.699124093982482009e+01,1.207674546908731550e+00,-4.699271993208930098e+01,1.225689294051312217e+00
1.798288222606938824e-01,-9.854757077170418711e+00,5.432646608088823603e-01,-4.740830182903812418e-01,-1.033448004397484743e+00,-4.680798270487368740e+01,1.200654786474783853e+00,-4.680941411125229479e+01,1.218347026427999191e+00
1.830400512296348481e-01,-9.779637780608176456e+00,5.262000979869340123e-01,-4.828317307543932291e-01,-1.050620392318754037e+00,-4.662713557580859458e+01,1.193570289056090639e+00,-4.662852444410179942e+01,1.210951422604322536e+00
1.862512801985757860e-01,-9.708444540605693618e+00,5.091724360615622613e-01,-4.912809132391969813e-01,-1.067755967607816103e+00,-4.644860875392348021e+01,1.186420752285257452e+00,-4.644995942687265966e+01,1.203501690438860239e+00
1.894625091675167794e-01,-9.641094056455143502e+00,4.921802724650318206e-01,-4.994182662841114562e-01,-1.084856138730155628e+00,-4.627231666875466942e+01,1.179205852807985400e+00,-4.627363254641661428e+01,1.195997029473078399e+00
1.926737381364577451e-01,-9.577508846833229228e+00,4.752221588963082555e-01,-5.072319447553946814e-01,-1.101922360468705175e+00,-4.609817855922729279e+01,1.171925257601113435e+00,-4.609946195449189332e+01,1.188436630444772879e+00
1.958849671053986830e-01,-9.517616981855267611e+00,4.582966030706277505e-01,-5.147105646860272721e-01,-1.118956131991073022e+00,-4.592611806207575142e+01,1.164578630803755122e+00,-4.592737016970589536e+01,1.180819674796737662e+00
1.990961960743396486e-01,-9.461351841438354171e+00,4.414020702879480340e-01,-5.218432093609991496e-01,-1.135958995019347384e+00,-4.575606281814481235e+01,1.157165635513668578e+00,-4.575728380455398536e+01,1.173145334176098231e+00
2.023074250432806143e-01,-9.408651898253106438e+00,4.245369848220617026e-01,-5.286194349389576885e-01,-1.152932532112513009e+00,-4.558794410857718304e+01,1.149685930530498501e+00,-4.558913331531591240e+01,1.165412769924736525e+00
2.055186540122215799e-01,-9.359460523822932032e+00,4.076997311520422218e-01,-5.350292759262830211e-01,-1.169878365061130632e+00,-4.542169653268653917e+01,1.142139162577762823e+00,-4.542285277283878031e+01,1.157621132567022038e+00
2.087298829811625456e-01,-9.313725816521179368e+00,3.908886550785897196e-01,-5.410632508145515329e-01,-1.186798153382508492e+00,-4.525725773750795611e+01,1.134524955046994243e+00,-4.525837965245366235e+01,1.149769561307089960e+00
2.119411119501034835e-01,-9.271400450318047604e+00,3.741020647874270244e-01,-5.467123681543053504e-01,-1.203693592893362307e+00,-4.509456820578108704e+01,1.126842894722794641e+00,-4.509565464144655778e+01,1.141857183553702138e+00
2.151523409190444769e-01,-9.232441543148819818e+00,3.573382319379325711e-01,-5.519681332667794038e-01,-1.220566414327179494e+00,-4.493357110477905536e+01,1.119092518217104093e+00,-4.493462146263672707e+01,1.133883114495575883e+00
2.183635698879854148e-01,-9.196810543721971598e+00,3.405953928651603846e-01,-5.568225556955044286e-01,-1.237418381956496338e+00,-4.477421219340315872e+01,1.111273299928592584e+00,-4.477522671271148624e+01,1.125846456753373692e+00
2.215747988569263804e-01,-9.164473135480116994e+00,3.238717499851387904e-01,-5.612681573790144762e-01,-1.254251292177214649e+00,-4.461643977986121001e+01,1.103384643230385542e+00,-4.461741971403412066e+01,1.117746300135725734e+00
2.247860278258673461e-01,-9.135399156292629996e+00,3.071654734851884117e-01,-5.652979813961684918e-01,-1.271066972013760177e+00,-4.446020471761628556e+01,1.095425876278675936e+00,-4.446115237868718140e+01,1.109581721525207509e+00
2.279972567948083118e-01,-9.109562532327046824e+00,2.904747033620675989e-01,-5.689056010105723038e-01,-1.287867277510734931e+00,-4.430546042368995074e+01,1.087396253350148667e+00,-4.430637908354753307e+01,1.101351784915888921e+00
2.312084857637492774e-01,-9.086941224449482490e+00,2.737975518411408515e-01,-5.720851286363877186e-01,-1.304654091988595610e+00,-4.415216290130652510e+01,1.079294962001897673e+00,-4.415305655522093531e+01,1.093055541616827053e+00
2.344197147326902431e-01,-9.067517185477028008e+00,2.571321061708932154e-01,-5.748312242790079019e-01,-1.321429324157008089e+00,-4.400027074861122145e+01,1.071121135664979684e+00,-4.400114376370322589e+01,1.084692030626004389e+00
2.376309437016311810e-01,-9.051276326678678430e+00,2.404764317414770092e-01,-5.771391029844523679e-01,-1.338194906098544745e+00,-4.384974513694068321e+01,1.062873870604767124e+00,-4.385060182369143433e+01,1.076260279167282841e+00
2.408421726705721744e-01,-9.038208492119963466e+00,2.238285754275063100e-01,-5.790045408700527085e-01,-1.354952791155342950e+00,-4.370054974581329077e+01,1.054552245585059778e+00,-4.370139390254949774e+01,1.067759303369866908e+00
2.440534016395131400e-01,-9.028307439785731248e+00,2.071865690088109668e-01,-5.804238794093512510e-01,-1.371704951769938452e+00,-4.355265064716026302e+01,1.046155342132138344e+00,-4.355348513404464939e+01,1.059188109056755200e+00
2.472646306084540779e-01,-9.021570828895452365e+00,1.905484324838861432e-01,-5.813940278036079379e-01,-1.388453377346180906e+00,-4.340601613785081270e+01,1.037682263071135758e+00,-4.340684253711404494e+01,1.050545692597082414e+00
2.504758595773950436e-01,-9.018000213433261081e+00,1.739121770651484988e-01,-5.819124634792303130e-01,-1.405200072204550565e+00,-4.326061652662032486e+01,1.029132147042227885e+00,-4.326143493909598448e+01,1.041831041768654931e+00
2.536870885463359815e-01,-9.017601042616949059e+00,1.572758076382018422e-01,-5.819772309872315308e-01,-1.421947053706220654e+00,-4.311642388832169814e+01,1.020504177014231351e+00,-4.311723290305749146e+01,1.033043136572801224e+00
2.568983175152769749e-01,-9.020382669779156259e+00,1.406373244835815439e-01,-5.815869398218220798e-01,-1.438696350610573438e+00,-4.297341180418335682e+01,1.011797581384470623e+00,-4.297420865906154575e+01,1.024180949945137309e+00
2.601095464842179683e-01,-9.026358371866797015e+00,1.239947241015673524e-01,-5.807407618915307879e-01,-1.455450001711127150e+00,-4.283155511072187238e+01,1.003011627041780596e+00,-4.283233603942660750e+01,1.015243448313907892e+00
2.633207754531589062e-01,-9.035545382407052628e+00,1.073459990490911176e-01,-5.794384295361630910e-01,-1.472210054765834331e+00,-4.269082968150685531e+01,9.941456047011296704e-01,-4.269159041821968259e+01,1.006229591972470416e+00
2.665320044220998441e-01,-9.047964941263140659e+00,9.068913679005703721e-02,-5.776802350567026290e-01,-1.488978565701484680e+00,-4.255121226471685247e+01,9.851988077976182590e-01,-4.255194865537383464e+01,9.971383352539110456e-01
2.697432333910407820e-01,-9.063642364735285284e+00,7.402211767117002073e-02,-5.754670326889985699e-01,-1.505757598031874256e+00,-4.241268039524567257e+01,9.761705071439340520e-01,-4.241338904590989500e+01,9.879686265225638975e-01
2.729544623599817754e-01,-9.082607139490852077e+00,5.734291225597475811e-02,-5.728002437912617095e-01,-1.522549222389832702e+00,-4.227521239323296243e+01,9.670599242947968133e-01,-4.227589127475475550e+01,9.787194080273464714e-01
2.761656913289227688e-01,-9.104893043390447360e+00,4.064947836897762207e-02,-5.696818657276978559e-01,-1.539355516039269345e+00,-4.213878745184417340e+01,9.578662070192539568e-01,-4.213943637757169824e+01,9.693896156926585794e-01
2.793769202978637067e-01,-9.130538295506269719e+00,2.393975830595838558e-02,-5.661144845313251794e-01,-1.556178562210392080e+00,-4.200338580677019706e+01,9.485884103734893991e-01,-4.200400670784674872e+01,9.599781789507726426e-01
2.825881492668047001e-01,-9.159585736530491573e+00,7.211676741467348654e-03,-5.621012909470093355e-01,-1.573020449094128637e+00,-4.186898896934829395e+01,9.392254865430772481e-01,-4.186958591021416254e+01,9.504840207415392594e-01
2.857993782357455825e-01,-9.192083039418957213e+00,-9.536860104198491284e-03,-5.576460989397401535e-01,-1.589883268344292500e+00,-4.173557999567015031e+01,9.297762858773472860e-01,-4.173615889966787051e+01,9.409060578171957179e-01
2.890106072046865759e-01,-9.228082948620414783e+00,-2.630796350074094542e-02,-5.527533652611165138e-01,-1.606769112970301894e+00,-4.160314375680251686e+01,9.202395704116197450e-01,-4.160371184592128202e+01,9.312432014889018284e-01
2.922218361736275694e-01,-9.267643544761998697e+00,-4.310375899741256817e-02,-5.474282082688881612e-01,-1.623680074558873088e+00,-4.147166717144398262e+01,9.106140397572428657e-01,-4.147223216178166183e+01,9.214943589349848807e-01
2.954330651425685073e-01,-9.310828530384254620e+00,-5.992638067396442725e-02,-5.416764239589090257e-01,-1.640618239837009051e+00,-4.134113936284852286e+01,9.008983676716654232e-01,-4.134170849404259229e+01,9.116584351577818879e-01
2.986442941115095007e-01,-9.357707531450081717e+00,-7.677796278113552253e-02,-5.355044971590037228e-01,-1.657585686674581060e+00,-4.121155170712878402e+01,8.910912460733301232e-01,-4.121213071511907344e+01,9.017343356271221300e-01
3.018555230804504386e-01,-9.408356409099971174e+00,-9.366062897196354708e-02,-5.289196060960907886e-01,-1.674584479714077645e+00,-4.108289775006083744e+01,8.811914319301800136e-01,-4.108348991350424484e+01,8.917209695866141761e-01
3.050667520493913765e-01,-9.462857576675281379e+00,-1.105764796312135867e-01,-5.219296191018960585e-01,-1.691616665896357397e+00,-4.095517298362687342e+01,8.711977915164714759e-01,-4.095577838115947600e+01,8.816172539288225085e-01
3.082779810183323699e-01,-9.521300318522719408e+00,-1.275275781215664261e-01,-5.145430830552660817e-01,-1.708684270212184275e+00,-4.082837449055656975e+01,8.611093361672030877e-01,-4.082898959619136292e+01,8.714221174738007170e-01
